base_cluster,other_cluster,options,outlier_id,predicted_id,raw_response,last_option
"[7, 22]","[5, 4]","['40679', '27706', '23132', '79411', '31113']",27706,79411,"1. **Different example:** ID 79411
2. **Why:** In all other examples, the red room is located in the bottom left corner, whereas in Example 4 (ID 79411), it is positioned in the top right corner. This unique placement distinguishes it from the others.",31113
"[19, 18]","[17, 18]","['58616', '41277', '66935', '49556', '30721']",66935,49556,"1. **Different example:** ID 49556
2. **Why:** In all other examples, the red room is located in the top right corner. However, in Example 4 (ID 49556), the red room is positioned in the top left corner, which is not consistent with the other examples.",30721
"[17, 21]","[19, 28]","['43363', '62549', '78147', '9795', '40487']",43363,9795,"1. **Different example:** ID 9795
2. **Why:** In all other examples, the red room (likely a bedroom) is consistently located in the top right corner. However, in Example 4 (ID 9795), the red room is positioned in the bottom left corner, which is not seen in the other examples. This unique placement makes it the different one.",40487
"[19, 8]","[15, 13]","['6777', '24364', '71082', '36396', '19346']",24364,71082,"1. **Different example:** ID 71082
2. **Why:** In all other examples, the red room is located in the top right corner. However, in Example 3 (ID 71082), the red room is positioned in the bottom left corner, which is not consistent with the other examples.",19346
"[7, 1]","[0, 7]","['10825', '12421', '66807', '17550', '12376']",66807,12421,"1. **Different example:** ID 12421
2. **Why:** In all other examples, the red room is consistently located in the top left corner. However, in Example 2 (ID 12421), the red room is positioned in the bottom right corner, which is not consistent with the other examples.",12376
"[18, 25]","[15, 28]","['62071', '73827', '25711', '23274', '3282']",23274,23274,"1. **Different example:** ID 23274
2. **Why:** In all other examples, the red room is located in the top-right corner, whereas in Example 4 (ID 23274), it is positioned in the bottom-right corner. This unique placement distinguishes it from the others.",3282
"[5, 4]","[9, 3]","['62609', '27706', '63485', '1268', '51114']",1268,1268,"1. **Different example:** ID 1268
2. **Why:** In all other examples, the red room (likely a kitchen) is located in the bottom left corner. However, in Example 4, the red room is positioned in the bottom right corner, which is not consistent with the other examples.",51114
"[3, 12]","[19, 28]","['27821', '20968', '37955', '40111', '1181']",40111,20968,"1. **Different example:** ID 20968
2. **Why:** In all other examples, the red room (likely a bathroom) is consistently located in the top right corner. However, in Example 20968, the red room is positioned in the top left corner, which is not consistent with the other examples.",1181
"[0, 7]","[7, 3]","['10984', '72266', '66807', '52457', '15613']",52457,52457,"1. **Different example:** ID 52457
2. **Why:** In all other examples, there is a consistent pattern where the living room (yellow) is adjacent to the kitchen (orange), and the bedroom (pink) is on the opposite side. However, in Example 4 (ID 52457), the living room and kitchen are not adjacent, and the bedroom is positioned differently compared to the others.",15613
"[5, 4]","[0, 24]","['63485', '35725', '2004', '48780', '51114']",48780,2004,"1. **Different example:** ID 2004
2. **Why:** In all other examples, the red room is consistently located in the bottom left corner. However, in Example 2004, the red room is positioned in the top right corner, which is not consistent with the other examples.",51114
"[7, 3]","[15, 13]","['75828', '64781', '61767', '24364', '52457']",24364,52457,"1. **Different example:** ID 52457
2. **Why:** In all other examples, there is a consistent pattern where the yellow area (likely representing a living room) is adjacent to the orange area (likely representing a bedroom) on the right side. However, in Example 5, this pattern is disrupted as the yellow area is not adjacent to the orange area on the right side. Instead, it is separated by a green area (likely representing a kitchen).",52457
"[7, 1]","[15, 17]","['12421', '53652', '10825', '12376', '47834']",47834,10825,"1. **Different example:** ID 10825
2. **Why:** In all other examples, the red room (likely a bathroom) is consistently located in the top-right corner. However, in Example 3, the red room is positioned in the bottom-left corner, which is not consistent with the other examples.",47834
"[18, 25]","[19, 5]","['3282', '73827', '25711', '62071', '72346']",72346,72346,"1. **Different example:** ID 72346
2. **Why:** In all other examples, there is a continuous path from the entrance (red) to the living room (yellow) without any interruptions. However, in Example 5 (ID 72346), there is a break in the path between the entrance and the living room, which makes it distinct from the others.",72346
"[15, 21]","[14, 7]","['3384', '7489', '13497', '25607', '20839']",25607,25607,"1. **Different example:** ID 25607
2. **Why:** In all other examples, the living room (yellow) is adjacent to the kitchen (orange) on the left side, but in Example 4, the living room is positioned differently, not directly next to the kitchen as in the others. Additionally, the bathroom (red) is placed in a different location compared to the other examples.",20839
"[14, 8]","[4, 27]","['39691', '40877', '46039', '28694', '77515']",77515,77515,"1. **Different example:** ID 77515
2. **Why:** In all other examples, the yellow room (kitchen) is located in the top right corner. However, in Example 5 (ID 77515), the kitchen is placed in the bottom left corner, which is not consistent with the other examples.",77515
"[0, 24]","[15, 17]","['74418', '31926', '48780', '37989', '60915']",60915,60915,"1. **Different example:** ID 60915
2. **Why:** In all other examples, the red room is located in the top-left corner, whereas in ID 60915, it is positioned in the bottom-right corner. This unique placement distinguishes it from the others.",60915
"[3, 3]","[19, 25]","['30004', '33749', '22002', '10131', '22487']",33749,33749,"1. **Different example:** ID 33749
2. **Why:** In all other examples, the layout follows a consistent pattern where the yellow room (living room) is adjacent to the orange room (kitchen) on the right side, and the green room (bathroom) is below the orange room. However, in Example 2 (ID 33749), the yellow room is not adjacent to the orange room as expected; instead, it is placed above the orange room, which breaks the consistent pattern observed in the other examples.",22487
"[4, 27]","[15, 17]","['12888', '5222', '60915', '77515', '70239']",60915,77515,"1. **Different example:** ID 77515
2. **Why:** In all other examples, the red room (likely a bedroom) is positioned in the top right corner. However, in Example 4 (ID 77515), the red room is located in the bottom right corner, which is not consistent with the other examples.",70239
"[5, 29]","[9, 26]","['55950', '21765', '50181', '57316', '52548']",50181,57316,"1. **Different example:** ID 57316
2. **Why:** In all other examples, the red room (likely a bathroom) is consistently located in the top-right corner. However, in Example 4 (ID 57316), the red room is positioned in the bottom-right corner, which is not the case in the other examples. This change in the spatial relationship of the red room makes it the different one.",52548
"[17, 5]","[4, 27]","['77515', '50221', '7913', '72055', '33045']",77515,50221,"1. **Different example:** ID 50221
2. **Why:** In all other examples, the green room is located in the bottom right corner, whereas in Example 2, it is positioned in the top left corner. This unique placement distinguishes it from the others.",33045
"[14, 8]","[19, 5]","['39691', '40877', '28694', '46039', '63902']",63902,63902,"1. **Different example:** ID 63902
2. **Why:** In all other examples, the yellow room is positioned to the right of the orange room, but in Example 5 (ID 63902), the yellow room is positioned above the orange room, which is not consistent with the other examples.",63902
"[19, 25]","[3, 17]","['47247', '74532', '38478', '26994', '33749']",38478,38478,"1. **Different example:** ID 38478
2. **Why:** In all other examples, the red room is located in the top right corner, whereas in Example 3, it is positioned in the bottom left corner. This unique placement distinguishes it from the others.",33749
"[3, 7]","[7, 3]","['37907', '73164', '75828', '19796', '19992']",75828,75828,"1. **Different example:** ID 75828
2. **Why:** In all other examples, the red line indicates the entrance to the apartment, which is consistently located on the left side of the plan. However, in Example 3 (ID 75828), the red line is positioned on the right side, which is not consistent with the other examples. This suggests that the floorplan pattern for this example is different from the others.",19992
"[9, 4]","[7, 1]","['79413', '80219', '64614', '12376', '50510']",12376,64614,"1. **Different example:** ID 64614
2. **Why:** In all other examples, the red room (likely a bedroom) is consistently located in the top-right corner. However, in Example 3 (ID 64614), the red room is positioned in the bottom-left corner, which is not seen in the other examples. This unique placement makes it the different one.",50510
"[5, 29]","[17, 18]","['66316', '51743', '52548', '18711', '57316']",66316,51743,"1. **Different example:** ID 51743
2. **Why:** In all other examples, the red room (likely a bathroom) is consistently located in the top-right corner. However, in Example 2 (ID 51743), the red room is positioned in the bottom-right corner, which is not seen in the other examples. This change in the location of the red room indicates that this plan has a different floorplan pattern compared to the others.",57316
"[5, 19]","[19, 13]","['77183', '63077', '51211', '43324', '54232']",43324,63077,"1. **Different example:** ID 63077
2. **Why:** In all other examples, the red room is consistently located in the top-left corner. However, in Example 2 (ID 63077), the red room is positioned in the top-right corner, which is not consistent with the other examples.",54232
"[0, 2]","[9, 11]","['28242', '9639', '63508', '62759', '61914']",61914,63508,"1. **Different example:** ID 63508
2. **Why:** In all other examples, the red room (likely a bedroom) is positioned in the top left corner. However, in Example 3, the red room is located in the top right corner, which is not consistent with the other examples.",61914
"[9, 4]","[19, 13]","['80219', '50510', '79413', '64614', '43324']",43324,79413,"1. **Different example:** ID 79413
2. **Why:** In all other examples, the red room is consistently located in the top-right corner. However, in Example 3 (ID 79413), the red room is positioned in the bottom-left corner, which is not seen in the other examples. This unique placement makes it the different one.",43324
"[5, 29]","[3, 28]","['21765', '57316', '51743', '52548', '12683']",12683,57316,"1. **Different example:** ID 57316
2. **Why:** In all other examples, the red room (likely a bathroom) is consistently located in the bottom right corner. However, in Example 2 (ID 57316), the red room is positioned in the top left corner, which is not the case in the other examples. This change in the spatial relationship of the red room makes it the different one.",12683
"[19, 13]","[5, 29]","['43396', '26354', '37914', '35479', '18711']",18711,35479,"1. **Different example:** ID 35479
2. **Why:** In all other examples, the red room (which appears to be a bathroom) is located in the top-right corner. However, in Example 4, the red room is positioned in the bottom-right corner, which is not consistent with the other examples.",18711
"[7, 1]","[3, 26]","['12376', '72586', '16951', '53652', '8109']",72586,72586,"1. **Different example:** ID 72586
2. **Why:** In all other examples, the yellow room (kitchen) is located to the right of the living room (beige). However, in Example 2, the kitchen is positioned above the living room, which is not consistent with the other examples.",8109
"[19, 28]","[0, 14]","['23197', '40111', '42272', '43363', '39894']",39894,39894,"1. **Different example:** ID 39894
2. **Why:** In all other examples, the red room is located in the top-left corner, whereas in ID 39894, it is positioned in the bottom-right corner. This change in the location of the red room alters the overall spatial relationship and pattern compared to the other examples.",39894
"[19, 18]","[14, 9]","['35149', '30721', '49556', '55086', '40550']",40550,40550,"1. **Different example:** ID 40550
2. **Why:** In all other examples, the red room is located in the top right corner, whereas in ID 40550, it is positioned on the far right side of the floor plan. This unique placement distinguishes it from the others.",40550
"[19, 14]","[14, 7]","['64729', '26703', '72517', '51393', '26372']",51393,51393,"1. **Different example:** ID 51393
2. **Why:** In all other examples, the green room (likely representing a kitchen) is located in the top left corner. However, in Example 4 (ID 51393), the green room is positioned in the bottom right corner, which is not consistent with the other examples.",26372
"[0, 24]","[3, 28]","['74418', '55090', '48780', '31926', '37989']",55090,31926,"1. **Different example:** ID 31926
2. **Why:** In all other examples, the red room (likely a bedroom) is positioned in the top left corner. However, in Example 4, the red room is located in the top right corner, which is not consistent with the other examples.",37989
"[15, 28]","[14, 9]","['67905', '10526', '26506', '3258', '38548']",26506,26506,"1. **Different example:** ID 26506
2. **Why:** In all other examples, the orange room is located in the bottom right corner, whereas in Example 3 (ID 26506), it is positioned in the bottom left corner. This change in the location of the orange room distinguishes this plan from the others.",38548
"[3, 16]","[17, 5]","['56017', '177', '59100', '11746', '33045']",33045,59100,"1. **Different example:** ID 59100
2. **Why:** In all other examples, the red room (likely a bathroom) is consistently located in the top right corner. However, in Example 3 (ID 59100), the red room is positioned in the bottom left corner, which is not seen in the other examples. This change in the location of the red room indicates that this plan has a different floorplan pattern compared to the others.",33045
"[14, 8]","[3, 28]","['42226', '46039', '40877', '28732', '28694']",42226,46039,"1. **Different example:** ID 46039
2. **Why:** In all other examples, the red room (likely a bathroom) is positioned in the top left corner. However, in Example 2 (ID 46039), the red room is located in the top right corner, which is not consistent with the other examples.",28694
"[19, 10]","[0, 6]","['25168', '25618', '55791', '21540', '59474']",59474,59474,"1. **Different example:** ID 59474
2. **Why:** In all other examples, there is a consistent pattern where the yellow area (likely representing a living room) is adjacent to the orange area (likely representing a kitchen) on the left side. However, in Example 5 (ID 59474), the yellow area is not adjacent to the orange area; instead, it is separated by a green area (likely representing a hallway or another type of room). This unique spatial relationship distinguishes it from the others.",59474
"[3, 7]","[19, 28]","['19992', '73164', '37907', '40111', '4286']",40111,4286,"1. **Different example:** ID 4286
2. **Why:** In all other examples, there is a consistent pattern where the green room (likely a kitchen) is located in the bottom left corner, and the red room (likely a bathroom) is positioned in the top right corner. However, in Example 4286, the green room is located in the top left corner, which breaks this consistent pattern.",4286
"[3, 21]","[5, 4]","['42206', '27706', '47060', '14038', '57272']",27706,57272,"1. **Different example:** ID 57272
2. **Why:** The floor plan in Example 5 (ID 57272) differs from the others as it has an additional small room (purple) that is not present in the other four examples. This extra room disrupts the uniformity of the layout shared by Examples 1, 2, 3, and 4.",57272
"[9, 3]","[15, 28]","['14914', '74662', '9662', '3258', '64671']",3258,74662,"1. **Different example:** ID 74662
2. **Why:** In all other examples, the red line represents the entrance to the apartment, which is consistently located on the left side of the plan. However, in Example 2 (ID 74662), the red line is positioned on the right side, indicating a different entrance location compared to the others. This change in the entrance position makes it the different example.",64671
"[7, 22]","[3, 16]","['23132', '79411', '40679', '31113', '56017']",56017,56017,"1. **Different example:** ID 56017
2. **Why:** In all other examples, the red room is located in the bottom left corner, whereas in Example 5, it is positioned in the top right corner. This unique placement distinguishes it from the others.",56017
"[19, 14]","[17, 18]","['21543', '72517', '26703', '26372', '64729']",21543,26372,"1. **Different example:** ID 26372
2. **Why:** In Examples 1, 2, 3, and 5, the layout of the rooms is consistent across all four images. The main difference is in the color coding for different room types, but the spatial arrangement remains the same. However, in Example 4, the layout appears to be rotated compared to the other examples, which suggests it has a different floorplan pattern.",64729
"[5, 4]","[9, 11]","['70560', '2004', '30907', '63485', '35725']",30907,35725,"1. **Different example:** ID 35725
2. **Why:** In all other examples, there is a consistent layout where the red room (likely a bathroom) is located in the top right corner. However, in Example 5 (ID 35725), the red room is positioned in the bottom right corner, which is not seen in the other examples. This change in the location of the red room indicates that this plan has a different floorplan pattern compared to the others.",35725
"[18, 23]","[19, 5]","['59794', '64148', '14167', '20502', '32569']",32569,32569,"1. **Different example:** ID 32569
2. **Why:** In all other examples, the red room (likely a bedroom) is positioned in the bottom left corner. However, in Example 32569, the red room is located in the top right corner, which is not consistent with the other examples.",32569
"[19, 28]","[0, 24]","['43363', '42272', '52721', '37989', '40111']",37989,52721,"1. **Different example:** ID 52721
2. **Why:** In all other examples, the red room (likely a bedroom) is positioned in the top left corner. However, in Example 52721, the red room is located in the top right corner, which is not consistent with the other examples.",40111
"[0, 14]","[3, 26]","['39894', '37963', '17291', '80522', '34449']",34449,34449,"1. **Different example:** ID 34449
2. **Why:** In all other examples, the red room is consistently located in the bottom left corner, whereas in Example 5 (ID 34449), it is positioned in the top right corner. This unique placement distinguishes it from the others.",34449
"[19, 10]","[3, 16]","['56017', '25168', '73023', '55791', '21540']",56017,73023,"1. **Different example:** ID 73023
2. **Why:** In all other examples, there is a consistent pattern where the orange room (likely a living room) is adjacent to the yellow room (likely a kitchen) on the left side, and the green room (likely a bedroom) is below the yellow room. However, in Example 3, the orange room is not adjacent to the yellow room as expected; instead, it is placed above the yellow room, which breaks the pattern observed in the other examples.",21540
"[18, 25]","[9, 4]","['80219', '4132', '62071', '25711', '73827']",80219,4132,"1. **Different example:** ID 4132
2. **Why:** In all other examples, there is a consistent pattern where the red room (likely a bathroom) is located in the top right corner. However, in Example 4 (ID 4132), the red room is positioned in the bottom right corner, which deviates from the established pattern.",73827
"[3, 21]","[0, 14]","['17291', '42206', '14038', '57272', '47060']",17291,47060,"1. **Different example:** ID 47060
2. **Why:** In all other examples, there is a consistent layout where the yellow area (likely representing a living room) is adjacent to the orange area (likely representing a bedroom) on the right side. However, in Example 47060, the yellow and orange areas are not adjacent but instead separated by a green area (likely representing a kitchen). This unique arrangement distinguishes it from the others.",47060
"[19, 18]","[17, 21]","['58616', '36535', '40487', '35149', '74633']",40487,36535,"1. **Different example:** ID 36535
2. **Why:** In all other examples, the yellow room is located in the top left corner, whereas in Example 2, it is positioned in the bottom left corner. This change in the location of the yellow room distinguishes it from the others.",74633
"[9, 11]","[15, 28]","['10526', '335', '78534', '15606', '4186']",10526,78534,"1. **Different example:** ID 78534
2. **Why:** In all other examples, the red room is located in the bottom right corner. However, in Example 3 (ID 78534), the red room is positioned in the top left corner, which is not consistent with the other examples.",4186
"[0, 6]","[19, 25]","['59474', '25447', '43375', '33749', '43036']",33749,43036,"1. **Different example:** ID 43036
2. **Why:** In all other examples, the red room (likely a bedroom) is positioned in the top right corner. However, in Example 43036, the red room is located in the bottom left corner, which is not consistent with the other examples.",43036
"[9, 3]","[0, 0]","['1268', '28082', '9662', '64671', '14914']",28082,28082,"1. **Different example:** ID 28082
2. **Why:** In all other examples, the red room is located in the top-right corner, whereas in Example 28082, it is positioned in the bottom-left corner. This unique placement distinguishes it from the others.",14914
"[0, 24]","[3, 28]","['31926', '74418', '37989', '8257', '48780']",8257,37989,"1. **Different example:** ID 37989
2. **Why:** In all other examples, the orange room is consistently located in the bottom right corner. However, in Example 3 (ID 37989), the orange room is positioned in the bottom left corner, which is not consistent with the other examples.",48780
"[14, 8]","[0, 6]","['75880', '28694', '40877', '46039', '28732']",75880,28694,"1. **Different example:** ID 28694
2. **Why:** In all other examples, the yellow room (living room) is positioned to the right of the orange room (kitchen). However, in Example 28694, the yellow room is placed below the orange room, which is not consistent with the other examples.",28732
"[3, 7]","[19, 13]","['43324', '4286', '73164', '30859', '37907']",43324,4286,"1. **Different example:** ID 4286
2. **Why:** The other four examples have a consistent layout where the living room (yellow) is adjacent to the kitchen (green), and the bedrooms (pink and orange) are on opposite sides. In contrast, Example 2 has the living room and kitchen in a different relative position compared to the others, making it the outlier.",37907
"[5, 29]","[17, 21]","['21765', '62454', '57316', '55950', '52548']",62454,57316,"1. **Different example:** ID 57316
2. **Why:** In all other examples, the red room (likely a bathroom) is consistently located in the top-right corner. However, in Example 3, the red room is positioned in the bottom-right corner, which is not consistent with the other examples.",52548
"[0, 2]","[19, 28]","['9836', '54867', '59390', '23197', '51831']",23197,54867,"1. **Different example:** ID 54867
2. **Why:** In all other examples, the green room (kitchen) is located in the bottom left corner. However, in Example 2, the kitchen is positioned in the bottom right corner, which is not consistent with the other examples.",51831
"[19, 14]","[17, 21]","['72517', '64729', '26372', '26703', '9795']",9795,26372,"1. **Different example:** ID 26372
2. **Why:** The floor plan in Example 3 (ID 26372) has a different layout compared to the other four. In the other examples, there is a consistent arrangement where the living area (yellow) is adjacent to the kitchen (light green), and the bedrooms (pink) are on the opposite side. However, in Example 3, the bedroom is placed within the living area, which disrupts this typical pattern.",9795
"[19, 5]","[17, 5]","['32569', '59952', '7913', '55314', '63902']",7913,7913,"1. **Different example:** ID 7913
2. **Why:** In all other examples, the orange room is positioned to the left of the yellow room, but in Example 3 (ID 7913), the orange room is positioned above the yellow room, which is not consistent with the other examples.",63902
"[7, 3]","[3, 17]","['33084', '61767', '75828', '64781', '52457']",33084,52457,"1. **Different example:** ID 52457
2. **Why:** The other four examples have a consistent layout where the living room (yellow) is adjacent to the kitchen (orange), and the bedrooms (pink and green) are positioned around the perimeter. In contrast, Example 5 has the living room and kitchen in a different relative position compared to the others, making it the outlier.",52457
"[15, 21]","[0, 7]","['20839', '13497', '10984', '7489', '3384']",10984,20839,"1. **Different example:** ID 20839
2. **Why:** In all other examples, the living room (yellow) is adjacent to the kitchen (orange) on the right side. However, in Example 1, the living room is on the left side, which is not consistent with the others.",3384
"[0, 6]","[15, 17]","['25447', '49395', '43036', '41154', '1225']",1225,43036,"1. **Different example:** ID 43036
2. **Why:** In all other examples, the green area (likely representing a kitchen) is consistently located in the bottom left corner. However, in Example 3, the green area is placed in the bottom right corner, which is not seen in the other examples. This change in the position of the kitchen area makes it the different one.",1225
"[0, 7]","[15, 28]","['65801', '66807', '10984', '10526', '72266']",10526,10984,"1. **Different example:** ID 10984
2. **Why:** In all other examples, the red room (likely a bathroom) is consistently located in the top-left corner. However, in Example 10984, the red room is placed in the bottom-right corner, which is not seen in the other examples. This unique placement makes it the different one.",72266
"[7, 3]","[0, 0]","['75828', '52457', '64781', '28082', '61767']",28082,64781,"1. **Different example:** ID 64781
2. **Why:** In all other examples, the red room (likely a bathroom) is consistently located in the top-right corner. However, in Example 3 (ID 64781), the red room is placed in the bottom-left corner, which is not seen in the other examples. This unique placement makes it the different one.",61767
"[4, 27]","[0, 7]","['77515', '12888', '5222', '70239', '10984']",10984,5222,"1. **Different example:** ID 5222
2. **Why:** In all other examples, the yellow room is positioned to the left of the orange room, whereas in Example 5, the yellow room is positioned above the orange room, which is not consistent with the others.",10984
"[14, 9]","[19, 8]","['26678', '14102', '36396', '6508', '26506']",36396,36396,"1. **Different example:** ID 36396
2. **Why:** In all other examples, the kitchen (yellow) is located in the bottom left corner, whereas in Example 3, it is positioned in the top left corner. This change in the location of the kitchen alters the overall layout pattern compared to the others.",26506
"[7, 22]","[4, 27]","['23132', '40679', '31113', '79411', '70239']",70239,79411,"1. **Different example:** ID 79411
2. **Why:** In all other examples, the red line (which likely represents an entrance or a specific path) is consistently positioned on the left side of the layout. However, in Example 4 (ID 79411), the red line is located on the right side, which is not consistent with the other examples. This suggests that the floor plan for this example has a different pattern compared to the others.",70239
"[7, 22]","[3, 17]","['54792', '40679', '23132', '79411', '31113']",54792,79411,"1. **Different example:** ID 79411
2. **Why:** In all other examples, the orange room is consistently located in the top right corner, whereas in Example 4 (ID 79411), it is placed in the bottom left corner, which is not aligned with the other examples.",31113
"[7, 3]","[0, 7]","['66807', '52457', '61767', '75828', '64781']",66807,61767,"1. **Different example:** ID 61767
2. **Why:** In all other examples, the red room is consistently located in the bottom right corner. However, in Example 3 (ID 61767), the red room is positioned in the top left corner, which is not consistent with the other examples.",64781
"[9, 3]","[19, 28]","['14914', '1268', '9662', '23197', '74662']",23197,1268,"1. **Different example:** ID 1268
2. **Why:** In all other examples, the red room is consistently located in the top-left corner. However, in Example 1268, the red room is positioned in the bottom-right corner, which is not consistent with the other examples.",74662
"[3, 3]","[19, 14]","['10017', '22487', '72700', '26703', '994']",26703,994,"1. **Different example:** ID 994
2. **Why:** In all other examples, the red line indicates a corridor that connects two rooms, whereas in ID 994, the red line does not connect any two rooms directly but instead appears to be an isolated element within the layout. This unique feature distinguishes it from the others.",994
"[0, 2]","[7, 3]","['63508', '75828', '45218', '9836', '48095']",75828,45218,"1. **Different example:** ID 45218
2. **Why:** In all other examples, the red room (likely a bathroom) is consistently located in the top-right corner. However, in Example 3, the red room is positioned in the bottom-left corner, which is not consistent with the other examples.",48095
"[15, 21]","[19, 5]","['13497', '20839', '76431', '7489', '3384']",76431,76431,"1. **Different example:** ID 76431
2. **Why:** In all other examples, the orange room is consistently located in the bottom left corner. However, in Example 3 (ID 76431), the orange room is positioned differently, occupying a larger area and extending into what appears to be the living room space. This unique placement distinguishes it from the others.",3384
"[0, 24]","[15, 17]","['31926', '37989', '48780', '1225', '74418']",1225,48780,"1. **Different example:** ID 48780
2. **Why:** The floor plan in Example 3 (ID 48780) has a different layout compared to the other four. In the other examples, there is a consistent arrangement where the living area (yellow) is adjacent to the kitchen (orange), and the bedrooms (pink and blue) are positioned around the perimeter. However, in Example 3, the living area and kitchen are not directly connected, and the bedroom arrangement is more scattered, which deviates from the typical pattern observed in the other examples.",74418
"[19, 10]","[3, 16]","['25618', '25168', '21540', '55791', '63317']",63317,63317,"1. **Different example:** ID 63317
2. **Why:** In all other examples, the green area is consistently located in the top right corner, whereas in ID 63317, it is placed in the bottom left corner. This unique placement distinguishes it from the others.",63317
"[5, 29]","[7, 1]","['16951', '57316', '51743', '21765', '55950']",16951,57316,"1. **Different example:** ID 57316
2. **Why:** In all other examples, the red room is consistently located in the top-left corner, whereas in Example 2, it is positioned in the bottom-right corner. This unique placement makes it stand out as the different example.",55950
"[15, 17]","[5, 22]","['47834', '11908', '60915', '7217', '1225']",7217,7217,"1. **Different example:** ID 7217
2. **Why:** In all other examples, the orange room is positioned to the left of the yellow room, whereas in Example 4 (ID 7217), the orange room is positioned above the yellow room, which is not consistent with the other examples.",1225
"[19, 14]","[14, 8]","['64729', '72517', '46039', '26372', '26703']",46039,26372,"1. **Different example:** ID 26372
2. **Why:** In all other examples, the green area (presumably representing a bedroom) is consistently located in the top left corner. However, in Example 4, the green area is placed in the bottom right corner, which is not seen in the other examples. This change in the position of the green area indicates that this floor plan has a different pattern compared to the others.",26703
"[0, 6]","[19, 10]","['43375', '41154', '25618', '25447', '59474']",25618,59474,"1. **Different example:** ID 59474
2. **Why:** The other four examples have a consistent layout where the red room (likely a bedroom) is positioned in the top right corner, while the green room (likely a kitchen) is in the bottom left corner. In contrast, Example 59474 places the red room in the bottom right corner and the green room in the top left corner, which is a different arrangement compared to the others.",59474
"[3, 26]","[19, 18]","['49556', '34449', '19246', '50906', '18887']",49556,50906,"1. **Different example:** ID 50906
2. **Why:** In all other examples, the yellow room (kitchen) is located on the left side of the building. However, in Example 4 (ID 50906), the yellow room is positioned on the right side, which is not consistent with the other examples.",18887
"[0, 6]","[9, 26]","['75880', '50181', '25447', '49395', '59474']",50181,59474,"1. **Different example:** ID 59474
2. **Why:** In all other examples, the red room (likely a bedroom) is consistently located in the top right corner. However, in Example 5, the red room is positioned in the bottom right corner, which is not consistent with the other examples.",59474
"[0, 6]","[19, 14]","['41154', '43375', '59474', '49395', '26703']",26703,59474,"1. **Different example:** ID 59474
2. **Why:** The floor plan in Example 3 (ID 59474) is rotated 90 degrees compared to the other four examples. All other plans maintain the same orientation and spatial relationships among the rooms.",26703
"[3, 26]","[19, 5]","['72586', '40031', '32729', '63902', '18887']",63902,40031,"1. **Different example:** ID 40031
2. **Why:** In all other examples, the yellow room (kitchen) is consistently located in the top-left corner. However, in Example 40031, the yellow room is placed in the bottom-right corner, which is not seen in the other examples. This change in the position of the kitchen room makes it the different one.",18887
"[9, 3]","[0, 2]","['74662', '80744', '1268', '64671', '9662']",80744,1268,"1. **Different example:** ID 1268
2. **Why:** In all other examples, the orange room is positioned to the right of the yellow room, but in Example 1268, the orange room is placed above the yellow room, which is not consistent with the other examples.",9662
"[14, 8]","[3, 3]","['40877', '46039', '28732', '28694', '10017']",10017,10017,"1. **Different example:** ID 10017
2. **Why:** In all other examples, the orange room is located in the bottom left corner, whereas in ID 10017, it is positioned in the bottom right corner. This change in the location of the orange room alters the overall spatial relationship and layout compared to the other examples.",10017
"[17, 5]","[3, 5]","['63514', '7913', '72055', '50221', '33045']",63514,7913,"1. **Different example:** ID 7913
2. **Why:** In all other examples, the red room (likely a bedroom) is located in the bottom left corner. However, in Example 7913, the red room is positioned in the top right corner, which is not consistent with the other examples.",33045
"[4, 27]","[14, 7]","['77045', '77515', '70239', '5222', '12888']",77045,77515,"1. **Different example:** ID 77515
2. **Why:** In all other examples, the yellow room (living room) is consistently positioned on the right side of the layout, whereas in Example 2, it is placed on the left side. This unique placement makes it stand out from the others.",12888
"[19, 14]","[3, 7]","['26372', '72517', '37907', '26703', '64729']",37907,72517,"1. **Different example:** ID 72517
2. **Why:** In all other examples, the layout of the rooms follows a consistent pattern where the yellow area (likely representing a living room) is adjacent to the orange area (likely representing a kitchen), and there is a distinct separation between these two areas. However, in Example 2 (ID 72517), the yellow and orange areas are not adjacent but instead separated by other rooms, which disrupts the typical layout seen in the other examples.",64729
"[3, 4]","[19, 10]","['11039', '20671', '35787', '73023', '9383']",73023,73023,"1. **Different example:** ID 73023
2. **Why:** In all other examples, the living room (yellow) is adjacent to the kitchen (orange) on the left side, whereas in Example 4, the living room is on the right side of the kitchen. This unique arrangement distinguishes it from the others.",9383
"[3, 12]","[18, 23]","['37955', '37360', '1181', '20968', '27821']",37360,37360,"1. **Different example:** ID 37360
2. **Why:** In all other examples, the red room is located in the top-left corner, whereas in Example 2 (ID 37360), it is positioned in the top-right corner. This unique placement distinguishes it from the others.",27821
"[19, 25]","[9, 26]","['74532', '47247', '59747', '7474', '26994']",7474,7474,"1. **Different example:** ID 7474
2. **Why:** The floor plan in Example 4 (ID 7474) has a different layout compared to the other four. In the other examples, there is a consistent arrangement where the living room (yellow) is adjacent to the kitchen (orange), and the bedrooms (green and red) are positioned around these central areas. However, in Example 4, the living room and kitchen are not directly connected, and the bedroom arrangement is also different, making it stand out as the unique one.",26994
"[5, 29]","[14, 9]","['18711', '52548', '26678', '51743', '57316']",26678,52548,"1. **Different example:** ID 52548
2. **Why:** In all other examples, the red room is consistently located in the top right corner. However, in Example 2 (ID 52548), the red room is positioned in the bottom right corner, which is not the case in the other examples. This change in the location of the red room indicates that this plan has a different floorplan pattern compared to the others.",57316
"[9, 4]","[15, 28]","['79413', '64614', '67905', '80219', '50510']",67905,67905,"1. **Different example:** ID 67905
2. **Why:** In all other examples, the red room (likely a bathroom) is consistently located in the top-right corner. However, in Example 3 (ID 67905), the red room is positioned in the bottom-left corner, which is not consistent with the other examples.",50510
"[3, 5]","[9, 26]","['64', '12162', '63514', '23716', '74226']",23716,12162,"1. **Different example:** ID 12162
2. **Why:** In all other examples, there is a consistent pattern where the living room (yellow) is adjacent to the kitchen (orange) on one side, and the bedroom (pink) is on the opposite side. However, in Example 12162, the living room and kitchen are not adjacent, and the bedroom is positioned differently compared to the others.",74226
"[15, 17]","[19, 28]","['60915', '1225', '11908', '42272', '47834']",42272,42272,"1. **Different example:** ID 42272
2. **Why:** In all other examples, the living room (yellow) is adjacent to the kitchen (orange) on the left side. However, in Example 4, the living room is on the right side of the kitchen, which is not consistent with the other examples.",47834
"[3, 12]","[19, 18]","['37955', '20968', '27821', '58616', '1181']",58616,58616,"1. **Different example:** ID 58616
2. **Why:** In all other examples, the red room is located in the top right corner, whereas in Example 4 (ID 58616), it is positioned in the top left corner. This unique placement distinguishes it from the others.",1181
"[19, 13]","[3, 17]","['43396', '42612', '53579', '37914', '35479']",53579,53579,"1. **Different example:** ID 53579
2. **Why:** In all other examples, the red room (likely a bathroom) is located in the bottom left corner. However, in Example 5, the red room is positioned in the top right corner, which is not consistent with the other examples.",35479
