base_cluster,other_cluster,options,outlier_id,predicted_id,raw_response
"[0, 7]","[15, 13]","['25079', '15613', '66807', '65801', '10984']",25079,C,C
"[14, 7]","[3, 26]","['38835', '67483', '11033', '51393', '77045']",11033,C,C
"[15, 28]","[0, 7]","['38548', '10526', '67905', '66807', '3258']",66807,C,C
"[19, 13]","[15, 17]","['43396', '43324', '37914', '1225', '42612']",1225,D,D
"[3, 26]","[14, 8]","['9147', '28694', '50906', '32729', '68096']",28694,B,B
"[15, 28]","[5, 19]","['3258', '53655', '23274', '10526', '38548']",53655,A,A
"[14, 9]","[4, 27]","['14102', '39708', '26678', '12888', '6508']",12888,E,E
"[18, 23]","[14, 7]","['40817', '20502', '32105', '25607', '61353']",25607,D,D
"[5, 4]","[15, 17]","['53032', '63485', '51114', '1225', '70560']",1225,D,D
"[0, 14]","[15, 28]","['39894', '17291', '3258', '1261', '80522']",3258,C,C
"[18, 23]","[5, 19]","['64148', '25667', '51211', '72365', '42151']",51211,C,C
"[3, 28]","[14, 9]","['12683', '55090', '14102', '42226', '8257']",14102,C,C
"[3, 21]","[14, 8]","['53064', '47060', '42206', '28732', '57272']",28732,D,D
"[18, 25]","[9, 11]","['4132', '25711', '73827', '61914', '3282']",61914,A,A
"[18, 23]","[5, 4]","['35725', '15451', '72978', '5909', '48306']",35725,C,C
"[14, 8]","[3, 26]","['28694', '46039', '28732', '39691', '49864']",49864,E,E
"[18, 23]","[14, 8]","['72978', '28732', '37360', '65195', '6216']",28732,E,E
"[18, 23]","[9, 11]","['67584', '30907', '48306', '32105', '65195']",30907,B,B
"[9, 11]","[17, 21]","['41897', '30907', '78147', '52758', '78534']",78147,B,B
"[9, 26]","[17, 18]","['27788', '6955', '50181', '23716', '7474']",6955,B,B
"[3, 28]","[14, 8]","['39691', '55090', '73823', '8257', '42226']",39691,A,A
"[0, 6]","[15, 28]","['3258', '43375', '75880', '49395', '25447']",3258,C,C
"[19, 28]","[15, 13]","['55589', '52721', '40111', '43363', '20590']",20590,E,E
"[0, 7]","[7, 3]","['64781', '66807', '10984', '65801', '72266']",64781,C,C
"[5, 19]","[18, 25]","['49189', '53655', '54232', '77183', '25711']",25711,E,E
"[0, 24]","[7, 3]","['31926', '48780', '37989', '52457', '74418']",52457,D,D
"[3, 3]","[14, 9]","['14102', '72700', '994', '10017', '10131']",14102,A,A
"[5, 4]","[15, 17]","['47834', '51114', '63485', '70560', '35725']",47834,A,A
"[19, 10]","[15, 13]","['21540', '55791', '73023', '25618', '24364']",24364,C,C
"[3, 7]","[14, 9]","['26678', '19992', '73164', '4286', '30859']",26678,C,C
"[7, 3]","[0, 14]","['61767', '52457', '75828', '64781', '17291']",17291,E,E
"[3, 21]","[14, 9]","['57272', '53064', '6508', '42206', '47060']",6508,C,C
"[5, 4]","[15, 21]","['62609', '51114', '63485', '13497', '53032']",13497,E,E
"[15, 13]","[5, 22]","['53137', '68970', '34763', '24364', '48795']",48795,E,E
"[0, 2]","[15, 28]","['44145', '66847', '23274', '48095', '59390']",23274,C,C
"[9, 3]","[15, 13]","['68970', '1268', '14914', '64671', '74662']",68970,C,C
"[7, 20]","[0, 0]","['54372', '2277', '55305', '2425', '78009']",78009,D,D
"[15, 13]","[0, 14]","['42684', '80522', '25079', '53137', '34763']",80522,C,C
"[3, 12]","[14, 9]","['27821', '26506', '37955', '1181', '20968']",26506,B,B
"[19, 8]","[15, 17]","['47834', '36396', '19346', '71082', '6777']",47834,C,C
"[18, 25]","[14, 7]","['73827', '3282', '4132', '62071', '77045']",77045,E,E
"[3, 12]","[14, 8]","['1181', '37955', '27821', '20968', '39691']",39691,C,C
"[0, 7]","[7, 1]","['8109', '66807', '65801', '10984', '72266']",8109,E,E
"[0, 2]","[15, 13]","['60860', '25079', '9836', '62759', '67842']",25079,B,B
"[0, 2]","[7, 20]","['48095', '27625', '28242', '54372', '67465']",54372,D,D
"[7, 3]","[0, 7]","['61767', '52457', '64781', '15613', '75828']",15613,E,E
"[3, 7]","[14, 8]","['46039', '73164', '30859', '4286', '19796']",46039,C,C
"[5, 4]","[15, 28]","['27706', '70560', '23274', '63485', '53032']",23274,E,E
"[7, 22]","[0, 7]","['31113', '40679', '79411', '23132', '65801']",65801,C,C
"[15, 21]","[19, 8]","['3384', '13497', '7489', '20839', '36396']",36396,C,C
"[19, 10]","[18, 23]","['14167', '25168', '21540', '55791', '73023']",14167,E,E
"[9, 3]","[18, 23]","['14914', '1268', '74662', '64247', '9662']",64247,C,C
"[18, 23]","[14, 7]","['5909', '61353', '25607', '20502', '12104']",25607,C,C
"[9, 3]","[15, 13]","['9662', '14914', '42684', '64671', '74662']",42684,C,C
"[17, 5]","[9, 11]","['50221', '335', '33045', '7913', '72055']",335,C,C
"[4, 27]","[14, 7]","['77515', '38835', '12888', '5222', '70239']",38835,C,C
"[15, 13]","[5, 29]","['68970', '20590', '53137', '57316', '42684']",57316,E,E
"[3, 26]","[14, 9]","['68096', '1064', '14102', '11033', '32729']",14102,C,C
"[18, 23]","[19, 25]","['67584', '64247', '26994', '40817', '72365']",26994,D,D
"[0, 0]","[15, 17]","['78009', '8176', '60915', '14834', '28082']",60915,C,C
"[15, 17]","[9, 26]","['47834', '60915', '1225', '11908', '23716']",23716,E,E
"[14, 9]","[3, 28]","['73823', '6508', '40550', '26506', '39708']",73823,E,E
"[7, 1]","[0, 2]","['67465', '3536', '8109', '10825', '17550']",67465,C,C
"[15, 28]","[19, 10]","['23274', '38548', '25618', '10526', '67905']",25618,C,C
"[18, 25]","[5, 29]","['4132', '51743', '3282', '25711', '73827']",51743,C,C
"[15, 28]","[19, 14]","['64729', '3258', '67905', '38548', '10526']",64729,A,A
"[15, 13]","[0, 6]","['24364', '41154', '25079', '20590', '42684']",41154,C,C
"[15, 21]","[0, 14]","['20839', '13497', '7489', '3384', '17291']",17291,E,E
"[19, 25]","[15, 21]","['33749', '3384', '59747', '26994', '74532']",3384,E,E
"[14, 7]","[3, 5]","['51393', '25607', '67483', '64', '77045']",64,D,D
"[7, 1]","[0, 2]","['17550', '54867', '16951', '12421', '10825']",54867,C,C
"[14, 7]","[3, 4]","['51393', '9383', '67483', '77045', '38835']",9383,B,B
"[3, 26]","[14, 9]","['72586', '34449', '32729', '6508', '19246']",6508,D,D
"[15, 13]","[5, 4]","['53137', '20590', '42684', '63485', '24364']",63485,D,D
"[9, 11]","[15, 17]","['78534', '61914', '41897', '4186', '60915']",60915,C,C
"[18, 23]","[19, 18]","['32105', '10433', '12104', '58616', '72365']",58616,E,E
"[14, 7]","[4, 27]","['67483', '12888', '51393', '77045', '25607']",12888,D,D
"[0, 24]","[15, 21]","['20839', '48780', '74418', '37989', '31926']",20839,A,A
"[15, 13]","[0, 7]","['20590', '24364', '53137', '34763', '65801']",65801,B,B
"[19, 25]","[15, 21]","['26994', '74532', '47247', '59747', '7489']",7489,C,C
"[15, 28]","[9, 3]","['14914', '23274', '38548', '67905', '3258']",14914,A,A
"[0, 7]","[7, 3]","['72266', '61767', '65801', '10984', '66807']",61767,B,B
"[0, 2]","[7, 3]","['28242', '43995', '67465', '61767', '51831']",61767,D,D
"[15, 28]","[9, 11]","['67905', '3258', '335', '23274', '10526']",335,C,C
"[7, 1]","[4, 27]","['53652', '17550', '3536', '70239', '16951']",70239,C,C
"[18, 25]","[19, 28]","['55589', '62071', '25711', '4132', '3282']",55589,E,E
"[15, 17]","[19, 13]","['1225', '47834', '11908', '43324', '60915']",43324,C,C
"[15, 28]","[19, 18]","['23274', '38548', '67905', '3258', '30721']",30721,E,E
"[15, 21]","[0, 6]","['59474', '13497', '20839', '7489', '3384']",59474,C,C
"[15, 28]","[0, 2]","['67905', '3258', '44802', '23274', '10526']",44802,C,C
"[9, 3]","[15, 17]","['1268', '1225', '64671', '14914', '74662']",1225,B,B
"[0, 6]","[15, 28]","['41154', '25447', '43036', '75880', '10526']",10526,E,E
"[15, 13]","[9, 11]","['25079', '68970', '34763', '41897', '20590']",41897,E,E
"[19, 25]","[18, 23]","['74532', '47247', '59747', '25667', '26994']",25667,B,B
"[15, 21]","[5, 22]","['3384', '7489', '77349', '20839', '13497']",77349,D,D
"[0, 2]","[15, 13]","['80744', '70440', '48095', '9836', '53137']",53137,E,E
"[15, 13]","[5, 22]","['7217', '25079', '68970', '53137', '42684']",7217,E,E
"[14, 7]","[4, 27]","['51393', '38835', '70239', '67483', '25607']",70239,C,C
"[5, 29]","[18, 25]","['73827', '18711', '51743', '52548', '21765']",73827,C,C
"[9, 11]","[15, 13]","['4186', '42684', '335', '15606', '41897']",42684,B,B
"[18, 23]","[14, 8]","['46039', '10433', '32105', '12104', '72978']",46039,E,E
"[3, 16]","[14, 8]","['28694', '63317', '11746', '56017', '59100']",28694,B,B
"[15, 17]","[0, 2]","['47834', '11908', '60915', '1225', '44802']",44802,B,B
"[15, 21]","[9, 11]","['7489', '4186', '20839', '3384', '13497']",4186,B,B
"[0, 24]","[7, 3]","['48780', '37989', '74418', '31926', '64781']",64781,D,D
"[17, 18]","[9, 26]","['50181', '21408', '51240', '46660', '66316']",50181,C,C
"[19, 10]","[15, 28]","['73023', '21540', '25618', '25168', '3258']",3258,C,C
"[9, 3]","[18, 25]","['14914', '3282', '9662', '64671', '74662']",3282,B,B
"[19, 5]","[18, 25]","['32569', '4132', '55314', '17017', '59952']",4132,B,B
"[15, 28]","[5, 29]","['57316', '38548', '67905', '10526', '3258']",57316,A,A
"[9, 26]","[17, 18]","['7474', '70105', '50181', '6759', '27788']",70105,D,D
"[18, 23]","[19, 25]","['26755', '78682', '10433', '48306', '47247']",47247,E,E
"[19, 10]","[18, 23]","['55791', '78682', '25618', '21540', '73023']",78682,E,E
"[9, 26]","[18, 25]","['7474', '50181', '62071', '23716', '6759']",62071,C,C
"[17, 21]","[9, 11]","['62549', '62454', '69704', '40487', '41897']",41897,D,D
"[14, 8]","[3, 7]","['28694', '40877', '19796', '39691', '46039']",19796,C,C
"[9, 11]","[15, 17]","['61914', '78534', '47834', '335', '15606']",47834,C,C
"[0, 7]","[7, 1]","['12376', '15613', '10984', '65801', '66807']",12376,C,C
"[5, 4]","[15, 17]","['51114', '70560', '53032', '60915', '35725']",60915,C,C
"[15, 21]","[19, 13]","['43396', '20839', '3384', '13497', '7489']",43396,A,A
"[0, 6]","[7, 22]","['40679', '25447', '49395', '41154', '43375']",40679,C,C
"[15, 21]","[9, 11]","['13497', '20839', '335', '7489', '3384']",335,C,C
"[3, 12]","[14, 9]","['37955', '14102', '1181', '20968', '27821']",14102,B,B
"[18, 23]","[14, 8]","['72978', '59794', '39691', '6216', '10433']",39691,C,C
"[15, 28]","[9, 3]","['23274', '3258', '74662', '10526', '67905']",74662,C,C
"[17, 21]","[9, 4]","['62549', '9795', '62454', '78147', '80219']",80219,C,C
"[5, 4]","[15, 13]","['70560', '68970', '62609', '51114', '35725']",68970,B,B
"[7, 1]","[0, 14]","['80522', '3536', '16951', '8109', '10825']",80522,D,D
"[19, 18]","[15, 21]","['74633', '41277', '7489', '30721', '35149']",7489,E,E
"[19, 5]","[15, 13]","['72346', '68970', '17017', '63902', '55314']",68970,C,C
"[9, 26]","[15, 17]","['7474', '6759', '1225', '27788', '23716']",1225,C,C
"[4, 27]","[7, 22]","['12888', '5222', '77515', '40679', '70239']",40679,C,C
"[0, 0]","[7, 20]","['28082', '55305', '8176', '78009', '14834']",55305,C,C
"[18, 25]","[14, 7]","['3282', '73827', '25711', '62071', '77045']",77045,E,E
"[7, 22]","[0, 0]","['23132', '40679', '79411', '14834', '31113']",14834,C,C
"[0, 24]","[15, 21]","['13497', '31926', '37989', '48780', '74418']",13497,D,D
"[19, 10]","[15, 13]","['73023', '21540', '25168', '25618', '42684']",42684,D,D
"[19, 25]","[15, 21]","['33749', '74532', '20839', '59747', '26994']",20839,C,C
"[5, 19]","[15, 28]","['35619', '77183', '10743', '38548', '60473']",38548,D,D
"[0, 2]","[7, 22]","['70440', '9639', '66847', '40679', '63508']",40679,D,D
"[15, 13]","[19, 25]","['34763', '20590', '24364', '26994', '25079']",26994,C,C
"[5, 29]","[18, 25]","['73827', '57316', '55950', '51743', '18711']",73827,C,C
"[15, 28]","[0, 2]","['10526', '3258', '48095', '23274', '38548']",48095,C,C
"[3, 28]","[14, 8]","['73823', '12683', '55090', '42226', '39691']",39691,C,C
"[5, 4]","[15, 28]","['2004', '51114', '35725', '63485', '3258']",3258,C,C
"[3, 26]","[14, 8]","['40877', '18887', '72586', '32729', '11033']",40877,A,A
"[15, 13]","[9, 3]","['20590', '42684', '64671', '25079', '68970']",64671,D,D
"[15, 13]","[0, 0]","['28082', '24364', '34763', '42684', '25079']",28082,A,A
"[17, 21]","[9, 4]","['9795', '40487', '78147', '69704', '64614']",64614,C,C
"[9, 4]","[15, 28]","['67905', '79413', '50510', '80219', '64614']",67905,A,A
"[15, 28]","[19, 8]","['38548', '23274', '6777', '67905', '3258']",6777,C,C
"[15, 13]","[9, 11]","['34763', '53137', '20590', '61914', '68970']",61914,D,D
"[15, 17]","[0, 14]","['47834', '42604', '1225', '60915', '11908']",42604,E,E
"[15, 28]","[5, 4]","['27706', '23274', '67905', '38548', '3258']",27706,E,E
"[14, 8]","[3, 3]","['28732', '28694', '40877', '30004', '46039']",30004,E,E
"[15, 28]","[0, 14]","['10526', '23274', '3258', '42604', '67905']",42604,A,A
"[0, 14]","[7, 22]","['75707', '1261', '80522', '23132', '42604']",23132,D,D
"[15, 13]","[5, 19]","['53137', '34763', '53655', '42684', '20590']",53655,E,E
"[14, 7]","[3, 12]","['38835', '51393', '77045', '25607', '1181']",1181,C,C
"[9, 4]","[18, 23]","['50510', '79413', '64614', '72365', '80219']",72365,D,D
"[18, 23]","[19, 8]","['25667', '6777', '72978', '64247', '72365']",6777,B,B
"[9, 3]","[15, 21]","['20839', '14914', '9662', '74662', '1268']",20839,A,A
"[14, 7]","[18, 23]","['38835', '51393', '77045', '72365', '67483']",72365,C,C
"[15, 13]","[19, 25]","['53137', '24364', '20590', '26994', '25079']",26994,D,D
"[19, 8]","[15, 13]","['71082', '19346', '24364', '36396', '6777']",24364,C,C
"[5, 19]","[15, 17]","['1225', '60473', '54232', '63077', '51211']",1225,A,A
"[9, 4]","[18, 23]","['79413', '50510', '64614', '61353', '80219']",61353,D,D
"[0, 7]","[7, 22]","['10984', '65801', '66807', '31113', '15613']",31113,D,D
"[9, 11]","[15, 17]","['30907', '1225', '41897', '78534', '335']",1225,B,B
"[9, 26]","[17, 21]","['50181', '27788', '23716', '6759', '40487']",40487,C,C
"[7, 3]","[0, 24]","['48780', '61767', '75828', '64781', '52457']",48780,C,C
"[14, 9]","[18, 25]","['6508', '26678', '14102', '73827', '40550']",73827,B,B
"[17, 18]","[9, 3]","['1268', '70105', '66935', '6955', '51240']",1268,D,D
"[19, 18]","[18, 25]","['58616', '55086', '36535', '49556', '3282']",3282,E,E
"[0, 2]","[15, 13]","['32703', '67842', '70440', '43995', '68970']",68970,E,E
"[5, 19]","[18, 25]","['77183', '53655', '51211', '35619', '62071']",62071,E,E
"[14, 8]","[18, 23]","['28732', '39691', '61353', '46039', '28694']",61353,C,C
"[15, 13]","[0, 24]","['25079', '34763', '68970', '53137', '48780']",48780,E,E
"[3, 16]","[14, 8]","['56017', '11746', '59100', '177', '28732']",28732,C,C
"[0, 6]","[7, 22]","['31113', '75880', '43375', '49395', '25447']",31113,E,E
"[19, 10]","[15, 17]","['25168', '55791', '11908', '21540', '73023']",11908,C,C
"[18, 23]","[9, 3]","['12104', '5909', '1268', '14167', '59794']",1268,C,C
"[19, 18]","[15, 13]","['34763', '30721', '74633', '55086', '29042']",34763,C,C
"[17, 5]","[9, 4]","['72055', '33045', '50221', '7913', '50510']",50510,C,C
"[9, 4]","[18, 25]","['80219', '3282', '64614', '50510', '79413']",3282,E,E
"[17, 18]","[9, 11]","['70105', '31693', '66316', '78534', '6955']",78534,D,D
"[0, 14]","[7, 1]","['17550', '75707', '1261', '42604', '37963']",17550,C,C
"[9, 11]","[15, 21]","['15606', '30907', '20839', '41897', '335']",20839,C,C
"[15, 13]","[5, 19]","['68970', '35619', '53137', '20590', '24364']",35619,E,E
"[3, 3]","[14, 7]","['10131', '67483', '22487', '22002', '30004']",67483,B,B
"[19, 10]","[15, 13]","['73023', '25168', '53137', '55791', '21540']",53137,C,C
"[9, 11]","[18, 23]","['64247', '4186', '30907', '335', '15606']",64247,C,C
"[18, 25]","[9, 26]","['62071', '23716', '25711', '3282', '4132']",23716,E,E
"[14, 9]","[3, 17]","['33084', '26678', '40550', '39708', '6508']",33084,A,A
"[0, 6]","[15, 28]","['43036', '59474', '41154', '3258', '43375']",3258,D,D
"[3, 3]","[14, 7]","['22002', '10017', '30004', '22487', '38835']",38835,E,E
"[17, 18]","[9, 11]","['6955', '4186', '51240', '66316', '31693']",4186,C,C
"[14, 9]","[3, 26]","['6508', '26506', '14102', '1064', '26678']",1064,D,D
"[9, 26]","[18, 25]","['50181', '27788', '6759', '73827', '23716']",73827,C,C
"[5, 22]","[15, 13]","['40863', '57572', '7217', '20590', '77349']",20590,D,D
"[0, 14]","[15, 28]","['42604', '75707', '1261', '37963', '23274']",23274,E,E
"[14, 7]","[18, 25]","['25607', '67483', '38835', '25711', '51393']",25711,D,D
"[18, 25]","[19, 28]","['42272', '25711', '4132', '62071', '73827']",42272,C,C
"[15, 21]","[19, 8]","['3384', '71082', '7489', '13497', '20839']",71082,E,E
"[18, 25]","[5, 22]","['4132', '77349', '73827', '62071', '3282']",77349,D,D
"[0, 2]","[15, 13]","['25079', '32703', '27625', '60860', '67842']",25079,C,C
"[5, 4]","[18, 23]","['53032', '2004', '15451', '35725', '62609']",15451,C,C
"[15, 13]","[19, 18]","['29042', '25079', '68970', '20590', '42684']",29042,A,A
"[18, 25]","[5, 22]","['40863', '4132', '62071', '3282', '73827']",40863,B,B
"[3, 26]","[14, 8]","['32729', '50906', '11033', '28732', '68096']",28732,D,D
"[3, 26]","[14, 9]","['40031', '19246', '50906', '72586', '6508']",6508,E,E
"[18, 23]","[9, 11]","['64148', '48306', '26755', '10433', '78534']",78534,E,E
"[14, 7]","[3, 3]","['38835', '22487', '67483', '25607', '51393']",22487,B,B
"[0, 2]","[15, 17]","['60860', '11908', '43995', '44125', '9836']",11908,D,D
"[7, 20]","[0, 24]","['74418', '54372', '2425', '2277', '55305']",74418,C,C
"[18, 25]","[19, 18]","['3282', '4132', '41277', '25711', '62071']",41277,C,C
"[14, 7]","[18, 25]","['77045', '38835', '67483', '4132', '51393']",4132,D,D
"[19, 25]","[15, 17]","['47834', '59747', '33749', '26994', '47247']",47834,E,E
"[3, 28]","[14, 9]","['39708', '8257', '73823', '12683', '42226']",39708,A,A
"[9, 3]","[15, 13]","['64671', '74662', '1268', '25079', '9662']",25079,D,D
"[9, 3]","[15, 28]","['23274', '64671', '74662', '14914', '9662']",23274,A,A
"[0, 0]","[15, 21]","['78009', '8176', '28082', '14834', '20839']",20839,E,E
"[5, 19]","[15, 21]","['7489', '49189', '53655', '63077', '10743']",7489,C,C
"[18, 25]","[5, 4]","['3282', '35725', '4132', '73827', '62071']",35725,C,C
"[7, 3]","[0, 6]","['64781', '43375', '75828', '52457', '61767']",43375,E,E
"[0, 7]","[15, 21]","['20839', '10984', '15613', '66807', '72266']",20839,D,D
"[18, 25]","[19, 28]","['73827', '55589', '25711', '62071', '3282']",55589,C,C
"[3, 17]","[14, 7]","['54792', '53579', '64047', '38478', '67483']",67483,E,E
"[0, 6]","[15, 17]","['75880', '25447', '43375', '43036', '1225']",1225,E,E
"[7, 3]","[4, 27]","['75828', '61767', '70239', '52457', '64781']",70239,C,C
"[19, 25]","[15, 17]","['26994', '1225', '47247', '59747', '74532']",1225,C,C
"[9, 3]","[17, 21]","['62454', '1268', '9662', '74662', '64671']",62454,C,C
"[14, 8]","[18, 25]","['40877', '25711', '28732', '46039', '28694']",25711,D,D
"[19, 28]","[15, 21]","['55589', '52721', '43363', '42272', '3384']",3384,E,E
"[18, 23]","[14, 9]","['78682', '26755', '72365', '65195', '6508']",6508,E,E
"[0, 24]","[15, 28]","['74418', '23274', '48780', '31926', '37989']",23274,C,C
"[17, 18]","[9, 3]","['46660', '21408', '6955', '31693', '64671']",64671,E,E
"[9, 11]","[17, 5]","['7913', '4186', '61914', '15606', '30907']",7913,C,C
"[0, 14]","[15, 13]","['75707', '39894', '80522', '24364', '42604']",24364,D,D
"[19, 28]","[18, 23]","['40111', '23197', '25667', '43363', '55589']",25667,C,C
"[7, 3]","[0, 14]","['75707', '61767', '75828', '64781', '52457']",75707,E,E
"[14, 9]","[3, 21]","['40550', '6508', '26678', '53064', '14102']",53064,D,D
"[19, 14]","[18, 25]","['26372', '26703', '62071', '64729', '72517']",62071,E,E
"[18, 25]","[9, 3]","['25711', '3282', '4132', '64671', '73827']",64671,D,D
"[9, 11]","[15, 13]","['30907', '61914', '68970', '52758', '78534']",68970,C,C
"[7, 3]","[0, 7]","['61767', '52457', '64781', '75828', '65801']",65801,D,D
"[9, 11]","[15, 13]","['61914', '20590', '30907', '335', '15606']",20590,B,B
"[7, 22]","[0, 14]","['31113', '75707', '79411', '23132', '40679']",75707,E,E
"[14, 9]","[3, 7]","['4286', '6508', '40550', '39708', '26506']",4286,B,B
"[15, 17]","[9, 11]","['47834', '61914', '11908', '1225', '60915']",61914,B,B
"[19, 25]","[15, 28]","['47247', '3258', '26994', '33749', '74532']",3258,D,D
"[15, 21]","[0, 14]","['7489', '80522', '13497', '3384', '20839']",80522,E,E
"[14, 9]","[4, 27]","['40550', '70239', '26678', '14102', '39708']",70239,B,B
"[15, 28]","[5, 19]","['3258', '67905', '49189', '10526', '38548']",49189,C,C
"[7, 22]","[0, 24]","['79411', '23132', '40679', '48780', '31113']",48780,D,D
"[19, 13]","[15, 28]","['26354', '43396', '38548', '43324', '37914']",38548,C,C
"[7, 20]","[0, 6]","['41154', '55305', '54372', '2425', '2277']",41154,D,D
"[19, 5]","[15, 28]","['55314', '76431', '63902', '72346', '10526']",10526,E,E
"[18, 25]","[5, 4]","['25711', '62071', '53032', '4132', '73827']",53032,E,E
"[3, 3]","[14, 8]","['22002', '72700', '28694', '10131', '30004']",28694,E,E
"[15, 17]","[0, 24]","['1225', '31926', '47834', '11908', '60915']",31926,C,C
"[19, 13]","[15, 28]","['10526', '43396', '35479', '26354', '42612']",10526,C,C
"[19, 18]","[15, 21]","['20839', '36535', '49556', '55086', '41277']",20839,A,A
"[7, 20]","[0, 2]","['9639', '54372', '2277', '55305', '2425']",9639,C,C
"[0, 2]","[7, 1]","['27625', '16951', '28242', '67842', '62759']",16951,B,B
"[15, 21]","[5, 29]","['13497', '20839', '3384', '51743', '7489']",51743,D,D
"[19, 10]","[15, 21]","['73023', '55791', '25168', '21540', '13497']",13497,A,A
"[7, 22]","[0, 24]","['31926', '23132', '31113', '79411', '40679']",31926,C,C
"[15, 13]","[9, 4]","['53137', '34763', '42684', '79413', '24364']",79413,D,D
"[19, 28]","[15, 13]","['55589', '52721', '43363', '34763', '23197']",34763,D,D
"[3, 21]","[14, 8]","['53064', '57272', '40877', '14038', '47060']",40877,C,C
"[5, 4]","[18, 23]","['35725', '70560', '12104', '2004', '63485']",12104,C,C
"[15, 13]","[5, 29]","['53137', '34763', '25079', '52548', '68970']",52548,D,D
"[0, 6]","[15, 21]","['43375', '41154', '43036', '3384', '25447']",3384,D,D
"[15, 17]","[0, 0]","['1225', '28082', '47834', '60915', '11908']",28082,E,E
"[0, 7]","[7, 3]","['66807', '72266', '15613', '52457', '10984']",52457,D,D
"[0, 14]","[7, 22]","['42604', '80522', '75707', '23132', '37963']",23132,C,C
"[15, 28]","[0, 7]","['67905', '23274', '38548', '65801', '3258']",65801,C,C
"[5, 19]","[15, 17]","['53655', '49189', '10743', '77183', '60915']",60915,E,E
"[15, 13]","[5, 19]","['42684', '20590', '35619', '24364', '53137']",35619,C,C
"[0, 6]","[15, 21]","['59474', '75880', '49395', '25447', '13497']",13497,C,C
"[0, 24]","[15, 28]","['37989', '10526', '31926', '74418', '48780']",10526,C,C
"[15, 21]","[0, 14]","['3384', '13497', '7489', '20839', '39894']",39894,E,E
"[0, 6]","[15, 17]","['25447', '43375', '41154', '75880', '11908']",11908,E,E
"[15, 28]","[19, 8]","['6777', '10526', '3258', '23274', '67905']",6777,A,A
"[18, 23]","[5, 19]","['26052', '67584', '78682', '49189', '12104']",49189,D,D
"[15, 28]","[19, 13]","['26354', '3258', '23274', '10526', '38548']",26354,A,A
"[15, 21]","[5, 4]","['70560', '13497', '3384', '20839', '7489']",70560,D,D
"[19, 10]","[15, 28]","['25168', '10526', '55791', '25618', '73023']",10526,D,D
"[3, 4]","[14, 8]","['40877', '11039', '35787', '9383', '20671']",40877,E,E
"[14, 8]","[4, 27]","['28694', '39691', '40877', '28732', '77515']",77515,E,E
"[5, 29]","[18, 23]","['18711', '21765', '72365', '51743', '55950']",72365,E,E
"[15, 17]","[0, 24]","['47834', '60915', '1225', '11908', '37989']",37989,E,E
"[19, 18]","[18, 25]","['74633', '30721', '58616', '41277', '25711']",25711,E,E
"[7, 20]","[0, 24]","['2277', '48780', '2425', '55305', '54372']",48780,C,C
"[17, 18]","[9, 11]","['335', '66935', '6955', '21543', '46660']",335,A,A
"[14, 8]","[3, 26]","['46039', '28732', '28694', '39691', '1064']",1064,E,E
"[15, 28]","[9, 11]","['10526', '67905', '30907', '38548', '23274']",30907,C,C
"[15, 17]","[0, 7]","['11908', '10984', '47834', '60915', '1225']",10984,B,B
"[14, 8]","[3, 16]","['40877', '28732', '28694', '63317', '39691']",63317,D,D
"[0, 0]","[15, 13]","['20590', '28082', '78009', '8176', '14834']",20590,B,B
"[15, 21]","[9, 26]","['7489', '13497', '20839', '3384', '50181']",50181,E,E
"[7, 20]","[0, 2]","['54867', '54372', '2425', '2277', '55305']",54867,C,C
"[18, 23]","[5, 4]","['59794', '27706', '78682', '61353', '65195']",27706,C,C
"[14, 8]","[3, 17]","['28694', '53579', '39691', '28732', '46039']",53579,C,C
"[18, 23]","[14, 8]","['59794', '40877', '5909', '48306', '72978']",40877,B,B
"[19, 8]","[18, 25]","['6777', '71082', '36396', '19346', '73827']",73827,E,E
"[9, 11]","[15, 28]","['41897', '335', '10526', '52758', '15606']",10526,C,C
"[15, 28]","[0, 24]","['23274', '10526', '38548', '3258', '48780']",48780,E,E
"[15, 28]","[9, 26]","['38548', '3258', '10526', '23274', '50181']",50181,E,E
"[18, 23]","[5, 22]","['14167', '48306', '77349', '61353', '72365']",77349,C,C
"[3, 5]","[14, 7]","['38835', '63514', '12162', '74226', '64']",38835,C,C
"[19, 14]","[15, 13]","['26372', '24364', '64729', '26703', '72517']",24364,C,C
"[15, 21]","[0, 6]","['25447', '20839', '13497', '7489', '3384']",25447,A,A
"[0, 6]","[7, 1]","['41154', '25447', '16951', '43375', '59474']",16951,C,C
"[15, 13]","[19, 8]","['25079', '42684', '53137', '36396', '20590']",36396,C,C
"[9, 26]","[17, 18]","['50181', '46660', '27788', '7474', '23716']",46660,C,C
"[3, 16]","[14, 7]","['11746', '63317', '51393', '56017', '177']",51393,C,C
"[0, 24]","[15, 17]","['37989', '74418', '1225', '48780', '31926']",1225,C,C
"[19, 10]","[18, 23]","['64148', '55791', '25618', '73023', '21540']",64148,D,D
"[18, 25]","[19, 5]","['62071', '3282', '73827', '25711', '32569']",32569,E,E
"[14, 9]","[3, 4]","['26506', '6508', '20671', '39708', '40550']",20671,B,B
"[15, 13]","[0, 14]","['42684', '68970', '25079', '53137', '1261']",1261,E,E
"[15, 28]","[19, 8]","['38548', '67905', '6777', '3258', '10526']",6777,C,C
"[15, 28]","[0, 2]","['23274', '9639', '38548', '10526', '67905']",9639,B,B
"[3, 5]","[14, 8]","['28732', '12162', '63514', '74226', '64']",28732,C,C
"[15, 28]","[0, 0]","['10526', '3258', '67905', '28082', '38548']",28082,E,E
"[15, 17]","[0, 6]","['11908', '60915', '43375', '1225', '47834']",43375,C,C
"[7, 3]","[0, 2]","['43629', '61767', '75828', '64781', '52457']",43629,E,E
"[15, 13]","[5, 4]","['24364', '20590', '62609', '68970', '42684']",62609,C,C
"[9, 3]","[15, 13]","['14914', '64671', '9662', '1268', '20590']",20590,E,E
"[14, 9]","[3, 7]","['6508', '26678', '30859', '14102', '40550']",30859,E,E
"[15, 17]","[19, 25]","['47834', '11908', '60915', '26994', '1225']",26994,B,B
"[3, 17]","[14, 7]","['12043', '53579', '64047', '38478', '25607']",25607,E,E
"[3, 7]","[14, 9]","['73164', '19992', '37907', '6508', '4286']",6508,C,C
"[19, 25]","[18, 23]","['26994', '74532', '59747', '72978', '33749']",72978,B,B
"[15, 17]","[19, 14]","['11908', '47834', '60915', '64729', '1225']",64729,D,D
"[14, 7]","[3, 21]","['25607', '38835', '14038', '67483', '51393']",14038,C,C
"[0, 7]","[7, 3]","['10984', '65801', '61767', '72266', '15613']",61767,C,C
"[19, 18]","[15, 17]","['30721', '41277', '47834', '55086', '29042']",47834,C,C
"[15, 13]","[0, 2]","['59390', '20590', '24364', '34763', '68970']",59390,C,C
"[14, 8]","[3, 17]","['38478', '40877', '39691', '46039', '28732']",38478,E,E
"[0, 2]","[7, 1]","['45218', '9639', '9836', '17550', '51831']",17550,E,E
"[19, 28]","[15, 17]","['43363', '23197', '11908', '52721', '55589']",11908,C,C
"[3, 12]","[14, 7]","['27821', '20968', '51393', '37955', '1181']",51393,C,C
"[15, 13]","[9, 3]","['53137', '68970', '34763', '20590', '64671']",64671,E,E
"[15, 13]","[9, 11]","['53137', '42684', '20590', '34763', '15606']",15606,E,E
"[0, 6]","[15, 28]","['38548', '59474', '75880', '43036', '43375']",38548,A,A
"[15, 28]","[9, 4]","['50510', '23274', '10526', '67905', '3258']",50510,A,A
"[19, 28]","[18, 25]","['40111', '23197', '52721', '43363', '25711']",25711,E,E
"[3, 17]","[14, 8]","['46039', '53579', '33084', '54792', '38478']",46039,E,E
"[15, 13]","[9, 26]","['24364', '20590', '68970', '7474', '42684']",7474,D,D
"[15, 28]","[0, 7]","['3258', '10526', '72266', '38548', '67905']",72266,C,C
"[18, 23]","[14, 8]","['20502', '61353', '46039', '15451', '64148']",46039,E,E
"[5, 4]","[18, 25]","['27706', '3282', '35725', '70560', '53032']",3282,E,E
"[3, 5]","[14, 9]","['12162', '74226', '63514', '6508', '64']",6508,E,E
"[0, 6]","[15, 13]","['25079', '49395', '43375', '59474', '41154']",25079,D,D
"[15, 28]","[19, 18]","['58616', '23274', '3258', '67905', '38548']",58616,C,C
"[15, 13]","[0, 14]","['25079', '1261', '42684', '20590', '34763']",1261,D,D
"[17, 5]","[9, 26]","['7913', '33045', '72055', '27788', '50221']",27788,B,B
"[14, 9]","[3, 4]","['14102', '26506', '9383', '6508', '40550']",9383,C,C
"[18, 25]","[19, 18]","['3282', '62071', '4132', '25711', '30721']",30721,B,B
"[15, 13]","[5, 29]","['51743', '53137', '24364', '42684', '20590']",51743,C,C
"[15, 17]","[5, 4]","['47834', '35725', '60915', '11908', '1225']",35725,B,B
"[0, 14]","[15, 17]","['42604', '1261', '39894', '1225', '17291']",1225,D,D
"[0, 6]","[15, 28]","['59474', '49395', '25447', '67905', '75880']",67905,B,B
"[15, 21]","[19, 13]","['13497', '7489', '20839', '3384', '37914']",37914,E,E
"[0, 24]","[15, 13]","['31926', '48780', '24364', '37989', '74418']",24364,A,A
"[19, 18]","[15, 17]","['30721', '36535', '29042', '11908', '55086']",11908,D,D
"[7, 3]","[0, 7]","['75828', '10984', '61767', '52457', '64781']",10984,C,C
"[15, 21]","[9, 11]","['20839', '13497', '3384', '7489', '15606']",15606,E,E
"[14, 9]","[3, 17]","['38478', '26678', '40550', '26506', '6508']",38478,C,C
"[5, 19]","[15, 21]","['7489', '60473', '77183', '63077', '53655']",7489,A,A
"[15, 13]","[19, 18]","['74633', '25079', '53137', '34763', '42684']",74633,C,C
"[19, 14]","[15, 28]","['64729', '72517', '26372', '10526', '26703']",10526,E,E
"[15, 17]","[19, 10]","['11908', '60915', '47834', '1225', '73023']",73023,E,E
"[9, 11]","[18, 23]","['61914', '52758', '335', '41897', '42151']",42151,E,E
"[19, 18]","[18, 23]","['59794', '35149', '49556', '30721', '74633']",59794,C,C
"[19, 14]","[15, 28]","['3258', '72517', '64729', '26372', '26703']",3258,E,E
"[3, 4]","[14, 9]","['20671', '9383', '11039', '35787', '14102']",14102,E,E
"[15, 13]","[19, 14]","['25079', '24364', '34763', '20590', '72517']",72517,B,B
"[18, 23]","[9, 11]","['26755', '10433', '6216', '78682', '61914']",61914,E,E
"[19, 8]","[18, 23]","['36396', '71082', '19346', '6777', '64148']",64148,B,B
"[18, 23]","[5, 29]","['65195', '40817', '52548', '64247', '37360']",52548,C,C
"[18, 23]","[19, 8]","['59794', '40817', '5909', '72978', '19346']",19346,C,C
"[7, 20]","[0, 7]","['2277', '2425', '55305', '54372', '15613']",15613,C,C
"[7, 3]","[4, 27]","['77515', '64781', '52457', '61767', '75828']",77515,C,C
"[3, 16]","[14, 8]","['11746', '56017', '40877', '59100', '177']",40877,C,C
"[4, 27]","[7, 22]","['70239', '77515', '12888', '31113', '5222']",31113,D,D
"[0, 6]","[15, 13]","['41154', '43375', '49395', '75880', '25079']",25079,E,E
"[18, 25]","[5, 29]","['62071', '73827', '25711', '55950', '4132']",55950,C,C
"[18, 25]","[9, 11]","['78534', '73827', '4132', '62071', '3282']",78534,A,A
"[14, 7]","[3, 16]","['67483', '56017', '25607', '77045', '51393']",56017,B,B
"[18, 23]","[5, 29]","['67584', '26755', '20502', '55950', '59794']",55950,E,E
"[5, 29]","[15, 13]","['21765', '52548', '42684', '57316', '18711']",42684,C,C
"[15, 17]","[19, 13]","['42612', '1225', '60915', '47834', '11908']",42612,E,E
"[14, 8]","[3, 12]","['46039', '1181', '28694', '40877', '28732']",1181,B,B
"[19, 5]","[15, 28]","['63902', '17017', '32569', '38548', '59952']",38548,D,D
"[9, 3]","[18, 25]","['1268', '74662', '64671', '9662', '73827']",73827,E,E
"[15, 28]","[0, 7]","['3258', '65801', '38548', '10526', '23274']",65801,C,C
"[7, 20]","[0, 14]","['55305', '17291', '2277', '2425', '54372']",17291,D,D
"[14, 9]","[3, 16]","['26678', '26506', '39708', '56017', '6508']",56017,D,D
"[0, 0]","[7, 22]","['40679', '8176', '78009', '28082', '14834']",40679,E,E
"[17, 21]","[9, 11]","['62454', '41897', '62549', '40487', '78147']",41897,E,E
"[0, 14]","[7, 22]","['42604', '31113', '1261', '17291', '80522']",31113,E,E
"[3, 26]","[14, 7]","['11033', '34449', '38835', '50906', '1064']",38835,C,C
"[17, 21]","[9, 11]","['62454', '62549', '40487', '9795', '61914']",61914,E,E
"[3, 17]","[14, 7]","['53579', '33084', '12043', '77045', '64047']",77045,C,C
"[15, 13]","[19, 18]","['20590', '24364', '53137', '68970', '36535']",36535,E,E
"[7, 20]","[0, 24]","['2425', '54372', '2277', '37989', '55305']",37989,C,C
"[0, 0]","[15, 13]","['78009', '8176', '28082', '42684', '14834']",42684,C,C
"[15, 13]","[0, 14]","['42684', '20590', '34763', '53137', '80522']",80522,E,E
"[15, 21]","[19, 14]","['3384', '13497', '7489', '20839', '72517']",72517,E,E
"[18, 25]","[19, 8]","['4132', '19346', '25711', '62071', '3282']",19346,B,B
"[19, 13]","[15, 28]","['42612', '43324', '43396', '35479', '10526']",10526,E,E
"[14, 7]","[3, 21]","['25607', '38835', '77045', '53064', '51393']",53064,D,D
"[3, 26]","[14, 7]","['51393', '50906', '11033', '32729', '49864']",51393,A,A
"[15, 13]","[9, 3]","['24364', '53137', '34763', '68970', '9662']",9662,E,E
"[5, 19]","[15, 17]","['77183', '51211', '35619', '60915', '10743']",60915,D,D
"[15, 21]","[0, 24]","['48780', '7489', '13497', '3384', '20839']",48780,E,E
"[15, 28]","[5, 22]","['38548', '10526', '3258', '23274', '48795']",48795,E,E
"[0, 0]","[15, 28]","['14834', '28082', '78009', '3258', '8176']",3258,B,B
"[15, 21]","[0, 2]","['13497', '3384', '48095', '7489', '20839']",48095,C,C
"[3, 17]","[14, 8]","['38478', '28694', '54792', '64047', '53579']",28694,E,E
"[9, 26]","[15, 28]","['6759', '50181', '67905', '23716', '7474']",67905,C,C
"[15, 13]","[5, 4]","['51114', '53137', '25079', '68970', '24364']",51114,C,C
"[14, 8]","[18, 23]","['28732', '40877', '46039', '28694', '26755']",26755,E,E
"[9, 4]","[15, 13]","['80219', '24364', '50510', '64614', '79413']",24364,B,B
"[0, 2]","[7, 1]","['66847', '45218', '10825', '70440', '9836']",10825,C,C
"[15, 21]","[9, 26]","['20839', '7489', '13497', '3384', '7474']",7474,E,E
"[15, 28]","[0, 24]","['67905', '10526', '74418', '38548', '3258']",74418,C,C
"[15, 13]","[5, 29]","['34763', '24364', '18711', '42684', '53137']",18711,E,E
"[3, 12]","[14, 9]","['40550', '1181', '37955', '20968', '27821']",40550,E,E
"[15, 17]","[9, 3]","['11908', '1225', '60915', '47834', '64671']",64671,E,E
"[15, 28]","[19, 13]","['23274', '37914', '10526', '67905', '3258']",37914,B,B
"[14, 9]","[3, 5]","['12162', '26678', '39708', '6508', '14102']",12162,C,C
"[14, 8]","[18, 25]","['28732', '46039', '39691', '3282', '28694']",3282,D,D
"[15, 17]","[0, 24]","['60915', '47834', '1225', '11908', '74418']",74418,E,E
"[0, 2]","[15, 21]","['7489', '62759', '70440', '66847', '9836']",7489,A,A
"[18, 23]","[9, 26]","['50181', '14167', '61353', '78682', '65195']",50181,C,C
"[5, 29]","[15, 13]","['51743', '57316', '52548', '18711', '42684']",42684,C,C
"[18, 23]","[19, 8]","['20502', '6777', '6216', '59794', '12104']",6777,B,B
"[15, 13]","[9, 3]","['53137', '25079', '42684', '1268', '24364']",1268,D,D
"[9, 26]","[18, 23]","['27788', '10433', '50181', '6759', '7474']",10433,D,D
"[0, 7]","[15, 13]","['15613', '72266', '66807', '24364', '65801']",24364,D,D
"[19, 14]","[15, 13]","['72517', '34763', '64729', '26372', '26703']",34763,E,E
"[14, 7]","[3, 16]","['77045', '67483', '25607', '11746', '51393']",11746,D,D
"[14, 9]","[18, 25]","['26506', '39708', '25711', '40550', '6508']",25711,C,C
"[9, 4]","[15, 17]","['64614', '79413', '47834', '80219', '50510']",47834,C,C
"[0, 2]","[15, 17]","['67465', '47834', '63508', '54867', '43629']",47834,B,B
"[0, 7]","[7, 22]","['15613', '65801', '10984', '79411', '72266']",79411,D,D
"[3, 17]","[14, 8]","['53579', '12043', '64047', '54792', '28732']",28732,E,E
"[15, 28]","[9, 26]","['67905', '23274', '3258', '7474', '10526']",7474,D,D
"[18, 25]","[19, 5]","['32569', '62071', '25711', '73827', '4132']",32569,C,C
"[19, 8]","[18, 23]","['65195', '36396', '71082', '6777', '19346']",65195,C,C
"[19, 18]","[18, 23]","['55086', '41277', '64148', '58616', '49556']",64148,C,C
"[7, 3]","[0, 2]","['52457', '61767', '75828', '64781', '54867']",54867,C,C
"[5, 4]","[18, 25]","['70560', '35725', '27706', '25711', '53032']",25711,D,D
"[7, 22]","[0, 14]","['40679', '23132', '42604', '31113', '79411']",42604,D,D
"[15, 13]","[19, 28]","['68970', '24364', '40111', '42684', '20590']",40111,E,E
"[5, 22]","[18, 25]","['40863', '77349', '73827', '48795', '57572']",73827,C,C
"[15, 17]","[19, 18]","['11908', '47834', '41277', '60915', '1225']",41277,C,C
"[19, 8]","[18, 25]","['19346', '71082', '25711', '36396', '6777']",25711,C,C
"[5, 19]","[15, 21]","['49189', '54232', '13497', '77183', '63077']",13497,C,C
"[3, 5]","[14, 7]","['74226', '77045', '64', '63514', '12162']",77045,C,C
"[4, 27]","[7, 22]","['5222', '12888', '70239', '79411', '77515']",79411,D,D
"[3, 17]","[14, 8]","['53579', '54792', '28694', '38478', '33084']",28694,E,E
"[0, 6]","[15, 17]","['75880', '41154', '59474', '43036', '60915']",60915,E,E
"[15, 28]","[19, 10]","['38548', '3258', '10526', '25618', '23274']",25618,C,C
"[9, 3]","[18, 23]","['64671', '1268', '74662', '9662', '10433']",10433,E,E
"[19, 10]","[15, 17]","['21540', '55791', '47834', '25168', '73023']",47834,C,C
"[0, 14]","[15, 13]","['24364', '17291', '1261', '80522', '39894']",24364,A,A
"[9, 3]","[18, 25]","['1268', '73827', '74662', '14914', '64671']",73827,C,C
"[3, 28]","[14, 7]","['55090', '12683', '42226', '51393', '73823']",51393,D,D
"[18, 23]","[14, 9]","['10433', '37360', '65195', '26678', '48306']",26678,E,E
"[19, 10]","[15, 17]","['25168', '55791', '25618', '73023', '11908']",11908,E,E
"[14, 7]","[3, 17]","['33084', '51393', '25607', '38835', '77045']",33084,A,A
"[3, 17]","[14, 8]","['64047', '40877', '53579', '38478', '54792']",40877,C,C
"[15, 13]","[5, 22]","['25079', '7217', '20590', '24364', '42684']",7217,E,E
"[18, 25]","[19, 5]","['62071', '25711', '4132', '59952', '73827']",59952,C,C
"[15, 13]","[19, 10]","['68970', '25079', '34763', '42684', '55791']",55791,E,E
"[19, 28]","[15, 13]","['52721', '40111', '53137', '55589', '42272']",53137,C,C
"[17, 21]","[9, 26]","['62549', '40487', '62454', '69704', '50181']",50181,E,E
"[3, 28]","[14, 7]","['42226', '12683', '8257', '73823', '38835']",38835,E,E
"[14, 8]","[3, 17]","['28732', '53579', '39691', '46039', '40877']",53579,C,C
"[15, 17]","[19, 8]","['1225', '11908', '47834', '36396', '60915']",36396,D,D
"[3, 3]","[14, 7]","['77045', '22487', '10131', '72700', '10017']",77045,A,A
"[7, 1]","[0, 0]","['10825', '16951', '12376', '53652', '28082']",28082,C,C
"[15, 21]","[19, 10]","['20839', '25168', '3384', '7489', '13497']",25168,B,B
"[7, 22]","[0, 6]","['79411', '23132', '43375', '40679', '31113']",43375,E,E
"[3, 16]","[14, 7]","['67483', '11746', '56017', '63317', '177']",67483,E,E
"[14, 9]","[3, 26]","['14102', '39708', '40550', '1064', '26678']",1064,D,D
"[18, 23]","[5, 22]","['5909', '77349', '65195', '61353', '72978']",77349,D,D
"[15, 28]","[9, 26]","['3258', '10526', '6759', '67905', '23274']",6759,C,C
"[5, 29]","[18, 25]","['18711', '52548', '57316', '25711', '21765']",25711,B,B
"[18, 23]","[9, 4]","['64247', '15451', '59794', '80219', '40817']",80219,D,D
"[3, 5]","[14, 9]","['12162', '74226', '63514', '64', '39708']",39708,E,E
"[18, 25]","[19, 10]","['3282', '62071', '25711', '4132', '21540']",21540,B,B
"[0, 6]","[15, 21]","['41154', '59474', '25447', '43036', '13497']",13497,D,D
"[5, 19]","[18, 25]","['4132', '51211', '35619', '53655', '60473']",4132,B,B
"[14, 8]","[3, 4]","['40877', '28694', '28732', '46039', '9383']",9383,E,E
"[15, 13]","[0, 2]","['53137', '34763', '20590', '54867', '24364']",54867,D,D
"[19, 18]","[18, 23]","['35149', '64247', '49556', '58616', '41277']",64247,B,B
"[18, 23]","[9, 4]","['79413', '67584', '20502', '59794', '37360']",79413,A,A
"[14, 8]","[3, 17]","['28732', '33084', '28694', '46039', '39691']",33084,E,E
"[3, 26]","[14, 7]","['11033', '34449', '19246', '1064', '25607']",25607,E,E
"[5, 19]","[15, 21]","['51211', '3384', '49189', '54232', '35619']",3384,C,C
"[9, 4]","[18, 23]","['80219', '79413', '20502', '64614', '50510']",20502,C,C
"[17, 18]","[9, 26]","['51240', '46660', '31693', '23716', '6955']",23716,C,C
"[15, 28]","[0, 0]","['10526', '23274', '3258', '14834', '67905']",14834,D,D
"[17, 21]","[9, 4]","['62549', '64614', '40487', '69704', '78147']",64614,D,D
"[0, 0]","[7, 22]","['78009', '79411', '8176', '28082', '14834']",79411,B,B
"[19, 18]","[15, 13]","['20590', '36535', '35149', '30721', '58616']",20590,C,C
"[15, 17]","[9, 26]","['47834', '11908', '6759', '1225', '60915']",6759,C,C
"[15, 13]","[0, 6]","['53137', '34763', '42684', '43375', '68970']",43375,D,D
"[19, 10]","[15, 13]","['68970', '25168', '21540', '73023', '25618']",68970,E,E
"[17, 21]","[9, 11]","['9795', '62549', '62454', '335', '69704']",335,D,D
"[15, 28]","[19, 14]","['3258', '67905', '72517', '38548', '23274']",72517,C,C
"[0, 14]","[7, 20]","['1261', '2277', '17291', '75707', '80522']",2277,C,C
"[3, 28]","[14, 8]","['73823', '12683', '55090', '8257', '40877']",40877,E,E
"[15, 17]","[19, 18]","['60915', '1225', '47834', '11908', '35149']",35149,E,E
"[0, 2]","[7, 20]","['51831', '43995', '55305', '44802', '27625']",55305,D,D
"[15, 13]","[19, 18]","['68970', '25079', '20590', '34763', '36535']",36535,E,E
"[15, 13]","[9, 4]","['53137', '79413', '24364', '68970', '25079']",79413,B,B
"[15, 21]","[5, 19]","['3384', '13497', '20839', '7489', '63077']",63077,C,C
"[15, 13]","[0, 7]","['34763', '25079', '20590', '24364', '65801']",65801,B,B
"[9, 4]","[18, 23]","['50510', '65195', '80219', '64614', '79413']",65195,B,B
"[15, 28]","[19, 10]","['73023', '23274', '67905', '10526', '3258']",73023,A,A
"[9, 4]","[15, 13]","['64614', '20590', '80219', '79413', '50510']",20590,B,B
"[19, 5]","[15, 13]","['32569', '59952', '20590', '17017', '55314']",20590,C,C
"[15, 21]","[5, 22]","['7489', '20839', '7217', '13497', '3384']",7217,C,C
"[15, 28]","[9, 11]","['67905', '335', '38548', '3258', '10526']",335,B,B
"[17, 18]","[9, 26]","['66316', '51240', '31693', '70105', '6759']",6759,E,E
"[0, 14]","[15, 13]","['42684', '42604', '80522', '37963', '17291']",42684,A,A
"[3, 21]","[14, 9]","['42206', '14038', '47060', '6508', '53064']",6508,D,D
"[3, 12]","[14, 8]","['1181', '27821', '37955', '46039', '20968']",46039,D,D
"[7, 22]","[0, 14]","['17291', '40679', '23132', '31113', '79411']",17291,C,C
"[3, 16]","[14, 7]","['56017', '59100', '63317', '51393', '11746']",51393,D,D
"[18, 23]","[14, 7]","['72365', '61353', '42151', '25607', '37360']",25607,D,D
"[0, 24]","[15, 13]","['37989', '74418', '48780', '42684', '31926']",42684,C,C
"[19, 28]","[15, 21]","['52721', '40111', '3384', '55589', '42272']",3384,C,C
"[18, 25]","[19, 13]","['25711', '4132', '35479', '73827', '62071']",35479,B,B
"[14, 8]","[3, 5]","['28694', '40877', '74226', '28732', '46039']",74226,C,C
"[3, 16]","[14, 7]","['56017', '63317', '11746', '77045', '59100']",77045,D,D
"[18, 23]","[19, 18]","['72365', '78682', '25667', '74633', '48306']",74633,C,C
"[14, 9]","[3, 26]","['39708', '40550', '6508', '14102', '1064']",1064,E,E
"[7, 3]","[0, 24]","['75828', '61767', '74418', '52457', '64781']",74418,D,D
"[19, 14]","[15, 21]","['26703', '72517', '3384', '64729', '26372']",3384,C,C
"[15, 13]","[0, 24]","['42684', '48780', '68970', '53137', '24364']",48780,B,B
"[4, 27]","[7, 20]","['70239', '2425', '5222', '77515', '12888']",2425,C,C
"[19, 28]","[15, 21]","['23197', '52721', '40111', '42272', '13497']",13497,E,E
"[19, 5]","[15, 28]","['76431', '67905', '59952', '63902', '55314']",67905,C,C
"[3, 3]","[14, 9]","['10131', '10017', '72700', '26678', '22002']",26678,D,D
"[15, 28]","[0, 7]","['67905', '38548', '3258', '10526', '65801']",65801,E,E
"[19, 14]","[15, 13]","['26703', '72517', '42684', '64729', '26372']",42684,E,E
"[3, 4]","[14, 7]","['51393', '11039', '9383', '20671', '35787']",51393,A,A
"[19, 14]","[18, 25]","['26372', '25711', '26703', '64729', '72517']",25711,E,E
"[0, 14]","[15, 13]","['37963', '42604', '39894', '34763', '17291']",34763,D,D
"[19, 18]","[18, 23]","['55086', '41277', '58616', '36535', '26755']",26755,C,C
"[19, 13]","[18, 25]","['37914', '25711', '43396', '35479', '43324']",25711,D,D
"[19, 18]","[15, 21]","['13497', '74633', '35149', '36535', '41277']",13497,A,A
"[15, 17]","[5, 19]","['60473', '60915', '1225', '11908', '47834']",60473,A,A
"[17, 21]","[9, 26]","['78147', '7474', '62549', '62454', '9795']",7474,C,C
"[15, 17]","[9, 4]","['1225', '47834', '11908', '60915', '64614']",64614,E,E
"[7, 20]","[4, 27]","['5222', '2425', '2277', '54372', '55305']",5222,E,E
"[7, 3]","[0, 14]","['64781', '75828', '61767', '52457', '1261']",1261,D,D
"[18, 23]","[5, 19]","['54232', '59794', '37360', '26052', '5909']",54232,D,D
"[15, 17]","[9, 3]","['60915', '1268', '1225', '47834', '11908']",1268,B,B
"[5, 4]","[15, 17]","['53032', '62609', '60915', '63485', '2004']",60915,C,C
"[0, 24]","[7, 22]","['48780', '37989', '74418', '31926', '79411']",79411,D,D
"[19, 5]","[15, 17]","['55314', '1225', '63902', '32569', '76431']",1225,B,B
"[19, 10]","[15, 13]","['42684', '21540', '55791', '25168', '73023']",42684,E,E
"[0, 24]","[15, 17]","['60915', '48780', '37989', '31926', '74418']",60915,A,A
"[0, 14]","[7, 22]","['80522', '40679', '17291', '75707', '39894']",40679,B,B
"[9, 26]","[15, 28]","['23274', '6759', '50181', '23716', '27788']",23274,E,E
"[18, 25]","[5, 22]","['48795', '4132', '73827', '25711', '3282']",48795,A,A
"[15, 17]","[0, 6]","['11908', '43036', '1225', '60915', '47834']",43036,B,B
"[15, 28]","[5, 19]","['23274', '35619', '38548', '10526', '3258']",35619,A,A
"[15, 21]","[0, 2]","['20839', '3384', '7489', '32703', '13497']",32703,D,D
"[15, 21]","[19, 18]","['20839', '7489', '13497', '3384', '49556']",49556,E,E
"[19, 5]","[15, 28]","['72346', '76431', '55314', '38548', '32569']",38548,E,E
"[14, 8]","[3, 17]","['33084', '46039', '39691', '40877', '28732']",33084,D,D
"[7, 1]","[0, 0]","['28082', '3536', '16951', '12376', '8109']",28082,C,C
"[17, 18]","[9, 26]","['21543', '21408', '51240', '6759', '46660']",6759,D,D
"[15, 17]","[9, 11]","['1225', '15606', '60915', '47834', '11908']",15606,B,B
"[18, 25]","[5, 22]","['3282', '25711', '57572', '62071', '73827']",57572,C,C
"[0, 24]","[15, 17]","['74418', '11908', '37989', '48780', '31926']",11908,C,C
"[7, 22]","[0, 0]","['23132', '40679', '31113', '28082', '79411']",28082,D,D
"[9, 3]","[15, 13]","['74662', '25079', '9662', '1268', '14914']",25079,B,B
"[15, 21]","[9, 11]","['3384', '41897', '7489', '13497', '20839']",41897,E,E
"[9, 4]","[15, 21]","['80219', '3384', '64614', '79413', '50510']",3384,D,D
"[0, 2]","[7, 3]","['75828', '44125', '44802', '80744', '70440']",75828,C,C
"[19, 5]","[15, 21]","['17017', '72346', '55314', '76431', '13497']",13497,E,E
"[0, 14]","[15, 13]","['42604', '53137', '75707', '17291', '37963']",53137,B,B
"[17, 21]","[9, 11]","['40487', '9795', '4186', '62454', '62549']",4186,C,C
"[18, 23]","[14, 7]","['25607', '48306', '42151', '61353', '72365']",25607,A,A
"[18, 25]","[9, 4]","['80219', '4132', '73827', '62071', '25711']",80219,E,E
"[7, 20]","[0, 6]","['54372', '55305', '2277', '2425', '25447']",25447,E,E
"[0, 7]","[15, 17]","['11908', '66807', '72266', '10984', '15613']",11908,E,E
"[15, 17]","[0, 7]","['15613', '60915', '11908', '47834', '1225']",15613,E,E
"[15, 21]","[19, 5]","['13497', '3384', '20839', '72346', '7489']",72346,C,C
"[0, 6]","[7, 20]","['54372', '41154', '75880', '59474', '43036']",54372,C,C
"[5, 22]","[15, 13]","['40863', '7217', '25079', '48795', '77349']",25079,C,C
"[14, 8]","[3, 21]","['40877', '39691', '46039', '14038', '28732']",14038,D,D
"[18, 23]","[19, 28]","['42272', '10433', '37360', '26755', '72978']",42272,E,E
"[18, 25]","[14, 7]","['73827', '4132', '62071', '25711', '51393']",51393,B,B
"[18, 25]","[5, 4]","['51114', '25711', '4132', '73827', '62071']",51114,C,C
"[0, 0]","[15, 28]","['14834', '8176', '78009', '10526', '28082']",10526,C,C
"[15, 28]","[9, 26]","['50181', '10526', '38548', '3258', '67905']",50181,C,C
"[19, 14]","[15, 28]","['26372', '26703', '67905', '64729', '72517']",67905,B,B
"[19, 5]","[15, 28]","['76431', '38548', '55314', '17017', '59952']",38548,D,D
"[19, 10]","[15, 28]","['67905', '25168', '25618', '55791', '21540']",67905,E,E
"[15, 28]","[9, 26]","['27788', '67905', '23274', '3258', '38548']",27788,A,A
"[15, 21]","[9, 4]","['20839', '7489', '13497', '3384', '64614']",64614,E,E
"[18, 23]","[5, 29]","['10433', '15451', '18711', '67584', '40817']",18711,E,E
"[17, 18]","[9, 26]","['6955', '66316', '31693', '6759', '21543']",6759,C,C
"[3, 28]","[14, 7]","['12683', '73823', '8257', '42226', '77045']",77045,E,E
"[3, 28]","[14, 7]","['73823', '42226', '77045', '12683', '55090']",77045,C,C
"[15, 17]","[0, 2]","['1225', '47834', '51831', '60915', '11908']",51831,E,E
"[14, 9]","[3, 28]","['26506', '6508', '26678', '55090', '39708']",55090,D,D
"[17, 5]","[9, 26]","['50221', '33045', '6759', '72055', '7913']",6759,C,C
"[18, 23]","[9, 26]","['5909', '40817', '15451', '14167', '50181']",50181,E,E
"[18, 23]","[19, 14]","['10433', '72517', '78682', '14167', '40817']",72517,B,B
"[19, 13]","[15, 28]","['10526', '35479', '37914', '43396', '43324']",10526,E,E
"[15, 17]","[0, 0]","['47834', '8176', '1225', '60915', '11908']",8176,B,B
"[5, 19]","[18, 23]","['60473', '14167', '49189', '51211', '63077']",14167,E,E
"[5, 29]","[18, 23]","['57316', '18711', '64247', '21765', '52548']",64247,D,D
"[14, 8]","[3, 17]","['53579', '39691', '46039', '28694', '40877']",53579,B,B
"[15, 17]","[9, 11]","['60915', '11908', '1225', '47834', '52758']",52758,E,E
"[19, 10]","[15, 13]","['25618', '25168', '73023', '21540', '20590']",20590,E,E
"[15, 13]","[9, 4]","['20590', '53137', '80219', '34763', '25079']",80219,C,C
"[15, 17]","[5, 4]","['63485', '11908', '60915', '47834', '1225']",63485,A,A
"[14, 9]","[3, 7]","['26506', '40550', '39708', '73164', '6508']",73164,D,D
"[18, 23]","[5, 29]","['64148', '55950', '72365', '6216', '61353']",55950,E,E
"[3, 3]","[14, 7]","['10017', '38835', '30004', '10131', '994']",38835,C,C
"[14, 9]","[3, 3]","['6508', '40550', '72700', '39708', '14102']",72700,C,C
"[0, 7]","[15, 21]","['66807', '72266', '10984', '7489', '15613']",7489,D,D
"[15, 28]","[9, 3]","['10526', '23274', '38548', '64671', '67905']",64671,D,D
"[0, 2]","[7, 22]","['59390', '51831', '31113', '66847', '60860']",31113,C,C
"[15, 21]","[19, 25]","['7489', '13497', '20839', '3384', '74532']",74532,C,C
"[15, 28]","[0, 14]","['67905', '38548', '37963', '3258', '23274']",37963,C,C
"[19, 25]","[15, 28]","['26994', '33749', '74532', '59747', '23274']",23274,C,C
"[14, 9]","[3, 4]","['26678', '9383', '40550', '6508', '26506']",9383,E,E
"[15, 21]","[0, 7]","['7489', '65801', '20839', '3384', '13497']",65801,C,C
"[7, 1]","[0, 2]","['45218', '12376', '16951', '12421', '8109']",45218,C,C
"[15, 13]","[5, 19]","['53137', '24364', '10743', '20590', '25079']",10743,C,C
"[9, 3]","[18, 25]","['4132', '9662', '64671', '74662', '1268']",4132,A,A
"[15, 21]","[5, 19]","['7489', '35619', '3384', '20839', '13497']",35619,D,D
"[17, 18]","[9, 3]","['14914', '51240', '70105', '46660', '21543']",14914,E,E
"[15, 21]","[9, 4]","['79413', '3384', '20839', '7489', '13497']",79413,C,C
"[7, 22]","[0, 2]","['40679', '31113', '79411', '43995', '23132']",43995,B,B
"[15, 13]","[0, 24]","['48780', '25079', '68970', '24364', '20590']",48780,E,E
"[14, 8]","[3, 4]","['28732', '28694', '9383', '40877', '39691']",9383,C,C
"[19, 5]","[15, 28]","['55314', '17017', '38548', '72346', '59952']",38548,C,C
"[5, 29]","[18, 23]","['67584', '57316', '51743', '52548', '18711']",67584,C,C
"[19, 8]","[15, 13]","['6777', '19346', '71082', '36396', '42684']",42684,C,C
"[14, 8]","[3, 26]","['39691', '28732', '40877', '46039', '19246']",19246,E,E
"[15, 21]","[5, 4]","['7489', '13497', '63485', '3384', '20839']",63485,E,E
"[9, 26]","[17, 21]","['7474', '40487', '6759', '27788', '50181']",40487,C,C
"[15, 21]","[0, 7]","['72266', '3384', '13497', '20839', '7489']",72266,D,D
"[9, 4]","[17, 5]","['80219', '79413', '50510', '72055', '64614']",72055,D,D
"[19, 5]","[15, 13]","['72346', '17017', '32569', '76431', '42684']",42684,E,E
"[3, 16]","[14, 9]","['177', '11746', '6508', '59100', '56017']",6508,C,C
"[15, 21]","[9, 11]","['78534', '13497', '3384', '7489', '20839']",78534,E,E
"[4, 27]","[7, 3]","['5222', '52457', '12888', '77515', '70239']",52457,C,C
"[19, 28]","[18, 25]","['43363', '25711', '42272', '40111', '23197']",25711,C,C
"[15, 13]","[9, 26]","['34763', '20590', '25079', '6759', '68970']",6759,D,D
"[15, 13]","[9, 3]","['74662', '53137', '42684', '25079', '68970']",74662,A,A
"[19, 25]","[18, 23]","['74532', '59747', '65195', '26994', '33749']",65195,C,C
"[18, 25]","[9, 3]","['1268', '3282', '4132', '25711', '62071']",1268,E,E
"[3, 28]","[14, 7]","['25607', '12683', '8257', '73823', '55090']",25607,A,A
"[19, 28]","[18, 23]","['40111', '59794', '42272', '43363', '55589']",59794,C,C
"[18, 23]","[9, 4]","['40817', '64614', '72978', '5909', '67584']",64614,B,B
"[0, 14]","[15, 28]","['10526', '37963', '42604', '75707', '39894']",10526,E,E
"[19, 10]","[15, 28]","['25168', '21540', '73023', '23274', '25618']",23274,C,C
"[15, 28]","[5, 4]","['38548', '67905', '3258', '10526', '35725']",35725,E,E
"[7, 22]","[0, 6]","['40679', '23132', '79411', '31113', '43036']",43036,C,C
"[9, 11]","[17, 5]","['15606', '335', '4186', '78534', '50221']",50221,E,E
"[4, 27]","[7, 20]","['12888', '77515', '5222', '70239', '55305']",55305,E,E
"[9, 4]","[18, 23]","['50510', '26755', '80219', '79413', '64614']",26755,D,D
"[0, 7]","[15, 13]","['72266', '10984', '15613', '65801', '68970']",68970,E,E
"[18, 25]","[5, 22]","['4132', '25711', '62071', '3282', '48795']",48795,E,E
"[18, 25]","[14, 9]","['62071', '3282', '40550', '25711', '4132']",40550,E,E
"[14, 7]","[3, 26]","['38835', '49864', '77045', '67483', '51393']",49864,B,B
"[7, 3]","[0, 7]","['52457', '64781', '75828', '61767', '66807']",66807,C,C
"[3, 21]","[14, 8]","['53064', '14038', '57272', '46039', '42206']",46039,C,C
"[3, 26]","[14, 9]","['18887', '6508', '19246', '72586', '9147']",6508,C,C
"[15, 21]","[9, 26]","['3384', '6759', '20839', '13497', '7489']",6759,C,C
"[7, 1]","[0, 7]","['10984', '17550', '12376', '53652', '3536']",10984,E,E
"[14, 9]","[3, 5]","['26506', '40550', '39708', '14102', '63514']",63514,E,E
"[0, 2]","[15, 21]","['3384', '44125', '9836', '59390', '63508']",3384,E,E
"[15, 17]","[0, 2]","['47834', '48095', '11908', '1225', '60915']",48095,B,B
"[9, 4]","[15, 13]","['34763', '80219', '50510', '79413', '64614']",34763,C,C
"[0, 7]","[15, 13]","['72266', '66807', '65801', '42684', '10984']",42684,C,C
"[0, 0]","[7, 20]","['28082', '78009', '14834', '8176', '54372']",54372,E,E
"[15, 28]","[19, 18]","['3258', '10526', '38548', '74633', '67905']",74633,C,C
"[9, 3]","[15, 28]","['9662', '1268', '64671', '74662', '3258']",3258,E,E
"[0, 7]","[15, 13]","['72266', '53137', '15613', '66807', '65801']",53137,B,B
"[15, 13]","[0, 24]","['68970', '74418', '24364', '53137', '20590']",74418,B,B
"[0, 2]","[7, 3]","['28242', '44802', '59390', '9639', '61767']",61767,E,E
"[15, 13]","[19, 28]","['25079', '20590', '23197', '68970', '53137']",23197,C,C
"[9, 11]","[17, 18]","['21408', '4186', '78534', '41897', '15606']",21408,D,D
"[15, 13]","[0, 24]","['68970', '25079', '53137', '24364', '48780']",48780,E,E
"[18, 25]","[19, 14]","['3282', '25711', '62071', '73827', '26372']",26372,C,C
"[15, 28]","[9, 11]","['10526', '23274', '61914', '3258', '38548']",61914,C,C
"[19, 8]","[15, 13]","['71082', '19346', '6777', '36396', '53137']",53137,C,C
"[14, 8]","[4, 27]","['28732', '28694', '39691', '40877', '12888']",12888,C,C
"[19, 8]","[15, 17]","['36396', '6777', '11908', '71082', '19346']",11908,C,C
"[4, 27]","[7, 20]","['5222', '12888', '70239', '77515', '54372']",54372,E,E
"[19, 13]","[15, 28]","['38548', '43324', '26354', '43396', '42612']",38548,C,C
"[5, 29]","[18, 25]","['62071', '52548', '51743', '57316', '21765']",62071,E,E
"[18, 23]","[19, 25]","['6216', '12104', '64148', '33749', '32105']",33749,D,D
"[15, 21]","[9, 3]","['13497', '7489', '3384', '64671', '20839']",64671,E,E
"[7, 22]","[0, 7]","['79411', '23132', '40679', '31113', '66807']",66807,E,E
"[15, 21]","[0, 14]","['13497', '20839', '7489', '3384', '1261']",1261,E,E
"[14, 7]","[3, 28]","['38835', '25607', '8257', '51393', '77045']",8257,C,C
"[15, 28]","[0, 14]","['23274', '3258', '38548', '1261', '67905']",1261,D,D
"[14, 7]","[3, 21]","['38835', '25607', '77045', '67483', '42206']",42206,E,E
"[15, 28]","[5, 19]","['38548', '53655', '10526', '23274', '67905']",53655,C,C
"[18, 25]","[14, 8]","['3282', '4132', '73827', '62071', '28694']",28694,E,E
"[3, 16]","[14, 7]","['177', '38835', '63317', '11746', '59100']",38835,C,C
"[3, 16]","[14, 7]","['38835', '177', '59100', '63317', '56017']",38835,D,D
"[14, 7]","[3, 28]","['67483', '51393', '38835', '25607', '55090']",55090,E,E
"[18, 25]","[14, 7]","['25711', '73827', '62071', '51393', '3282']",51393,C,C
"[0, 6]","[15, 21]","['59474', '43375', '75880', '20839', '25447']",20839,D,D
"[15, 13]","[5, 4]","['25079', '24364', '42684', '34763', '51114']",51114,E,E
"[15, 17]","[19, 5]","['47834', '11908', '60915', '1225', '55314']",55314,B,B
"[3, 16]","[14, 8]","['46039', '177', '59100', '56017', '11746']",46039,C,C
"[18, 25]","[19, 10]","['62071', '4132', '73827', '25168', '3282']",25168,D,D
"[15, 17]","[0, 7]","['60915', '47834', '1225', '11908', '72266']",72266,D,D
"[3, 4]","[14, 9]","['35787', '9383', '6508', '11039', '20671']",6508,C,C
"[15, 17]","[19, 14]","['47834', '60915', '26372', '1225', '11908']",26372,C,C
"[9, 4]","[17, 18]","['64614', '50510', '79413', '80219', '46660']",46660,E,E
"[7, 1]","[0, 24]","['17550', '12376', '74418', '8109', '3536']",74418,C,C
"[3, 4]","[14, 8]","['20671', '35787', '9383', '11039', '28694']",28694,C,C
"[15, 13]","[19, 14]","['42684', '34763', '24364', '20590', '72517']",72517,E,E
"[19, 18]","[18, 23]","['36535', '49556', '29042', '74633', '78682']",78682,E,E
"[19, 14]","[15, 21]","['26372', '13497', '64729', '72517', '26703']",13497,E,E
"[15, 21]","[5, 19]","['7489', '20839', '3384', '13497', '49189']",49189,E,E
"[19, 28]","[15, 13]","['40111', '55589', '52721', '42684', '23197']",42684,D,D
"[15, 28]","[0, 14]","['10526', '3258', '67905', '23274', '80522']",80522,E,E
"[19, 28]","[18, 23]","['52721', '72978', '23197', '43363', '55589']",72978,B,B
"[9, 3]","[18, 23]","['1268', '9662', '74662', '15451', '14914']",15451,C,C
"[18, 25]","[19, 28]","['4132', '23197', '25711', '62071', '3282']",23197,E,E
"[15, 17]","[0, 2]","['9836', '60915', '1225', '11908', '47834']",9836,A,A
"[9, 4]","[15, 28]","['38548', '80219', '79413', '64614', '50510']",38548,A,A
"[19, 28]","[15, 13]","['25079', '55589', '23197', '43363', '42272']",25079,E,E
"[18, 23]","[19, 18]","['29042', '5909', '26755', '48306', '67584']",29042,E,E
"[3, 17]","[14, 7]","['38478', '77045', '54792', '64047', '33084']",77045,B,B
"[19, 8]","[18, 23]","['26052', '19346', '36396', '6777', '71082']",26052,C,C
"[7, 22]","[0, 0]","['78009', '23132', '31113', '79411', '40679']",78009,C,C
"[15, 28]","[19, 25]","['59747', '67905', '3258', '23274', '10526']",59747,A,A
"[15, 13]","[19, 14]","['20590', '34763', '26703', '53137', '68970']",26703,C,C
"[18, 25]","[9, 4]","['4132', '73827', '62071', '25711', '79413']",79413,E,E
"[15, 13]","[5, 29]","['34763', '24364', '53137', '68970', '51743']",51743,E,E
"[14, 8]","[3, 4]","['40877', '28732', '20671', '28694', '46039']",20671,C,C
"[15, 13]","[0, 2]","['53137', '42684', '68970', '25079', '32703']",32703,E,E
"[5, 29]","[18, 25]","['25711', '55950', '57316', '52548', '51743']",25711,D,D
"[9, 26]","[17, 5]","['33045', '27788', '6759', '50181', '7474']",33045,C,C
"[14, 9]","[3, 12]","['39708', '40550', '37955', '26506', '14102']",37955,C,C
"[18, 23]","[5, 22]","['61353', '40863', '26755', '72365', '64247']",40863,E,E
"[15, 21]","[9, 3]","['7489', '20839', '13497', '1268', '3384']",1268,D,D
"[15, 17]","[19, 28]","['23197', '47834', '60915', '1225', '11908']",23197,E,E
"[15, 13]","[9, 11]","['34763', '20590', '30907', '24364', '25079']",30907,C,C
"[3, 16]","[14, 7]","['177', '11746', '56017', '25607', '59100']",25607,D,D
"[7, 22]","[0, 14]","['79411', '37963', '31113', '40679', '23132']",37963,C,C
"[19, 10]","[15, 28]","['25618', '25168', '55791', '21540', '3258']",3258,C,C
"[4, 27]","[14, 9]","['6508', '5222', '77515', '12888', '70239']",6508,C,C
"[14, 8]","[3, 16]","['40877', '59100', '46039', '28694', '28732']",59100,B,B
"[15, 21]","[0, 24]","['13497', '7489', '20839', '3384', '31926']",31926,C,C
"[3, 4]","[14, 8]","['35787', '11039', '20671', '9383', '39691']",39691,D,D
"[19, 13]","[15, 21]","['13497', '42612', '43396', '26354', '35479']",13497,C,C
"[19, 5]","[15, 13]","['42684', '59952', '72346', '63902', '17017']",42684,C,C
"[18, 25]","[5, 22]","['3282', '7217', '25711', '62071', '73827']",7217,B,B
"[3, 26]","[14, 7]","['38835', '18887', '40031', '50906', '1064']",38835,A,A
"[15, 28]","[0, 7]","['38548', '67905', '15613', '10526', '3258']",15613,C,C
"[0, 14]","[15, 21]","['3384', '42604', '80522', '1261', '17291']",3384,B,B
"[4, 27]","[14, 9]","['70239', '5222', '77515', '12888', '26506']",26506,C,C
"[14, 9]","[3, 4]","['26506', '14102', '40550', '26678', '35787']",35787,C,C
"[19, 14]","[15, 17]","['26372', '26703', '64729', '72517', '60915']",60915,B,B
"[17, 21]","[9, 4]","['9795', '78147', '62549', '40487', '80219']",80219,E,E
"[7, 1]","[0, 2]","['16951', '12376', '80744', '10825', '12421']",80744,D,D
"[0, 2]","[7, 20]","['51831', '9639', '43995', '2277', '54867']",2277,C,C
"[15, 28]","[19, 5]","['10526', '38548', '3258', '72346', '67905']",72346,C,C
"[9, 4]","[15, 21]","['80219', '13497', '64614', '50510', '79413']",13497,B,B
"[7, 20]","[4, 27]","['70239', '2277', '54372', '55305', '2425']",70239,E,E
"[7, 3]","[0, 0]","['61767', '78009', '75828', '52457', '64781']",78009,D,D
"[15, 21]","[19, 28]","['23197', '7489', '20839', '13497', '3384']",23197,C,C
"[3, 12]","[14, 7]","['27821', '20968', '37955', '1181', '38835']",38835,E,E
"[0, 14]","[7, 3]","['39894', '75707', '42604', '61767', '80522']",61767,D,D
"[14, 9]","[18, 23]","['39708', '40550', '40817', '14102', '6508']",40817,D,D
"[14, 9]","[3, 4]","['26506', '11039', '6508', '14102', '26678']",11039,D,D
"[19, 28]","[15, 17]","['52721', '42272', '40111', '23197', '11908']",11908,E,E
"[15, 28]","[0, 6]","['49395', '10526', '67905', '38548', '23274']",49395,C,C
"[15, 17]","[5, 22]","['1225', '11908', '40863', '47834', '60915']",40863,C,C
"[15, 13]","[19, 25]","['25079', '42684', '24364', '59747', '20590']",59747,C,C
"[19, 10]","[15, 21]","['25618', '20839', '21540', '55791', '73023']",20839,E,E
"[0, 24]","[7, 20]","['54372', '37989', '48780', '31926', '74418']",54372,C,C
"[0, 7]","[15, 21]","['3384', '72266', '10984', '66807', '15613']",3384,E,E
"[14, 8]","[3, 21]","['28732', '28694', '39691', '46039', '53064']",53064,E,E
"[19, 10]","[15, 17]","['60915', '73023', '25168', '25618', '21540']",60915,D,D
"[19, 25]","[18, 23]","['40817', '26994', '59747', '74532', '33749']",40817,C,C
"[5, 19]","[15, 21]","['3384', '63077', '35619', '49189', '77183']",3384,C,C
"[15, 13]","[19, 14]","['68970', '24364', '34763', '64729', '42684']",64729,D,D
"[18, 25]","[5, 22]","['57572', '73827', '4132', '3282', '25711']",57572,C,C
"[9, 3]","[17, 21]","['14914', '40487', '74662', '1268', '9662']",40487,C,C
"[18, 25]","[5, 29]","['4132', '18711', '3282', '25711', '73827']",18711,E,E
"[15, 17]","[9, 26]","['47834', '50181', '60915', '11908', '1225']",50181,B,B
"[15, 13]","[19, 25]","['20590', '34763', '24364', '74532', '68970']",74532,C,C
"[18, 25]","[9, 4]","['4132', '64614', '73827', '25711', '3282']",64614,E,E
"[19, 13]","[15, 21]","['3384', '43324', '43396', '26354', '35479']",3384,D,D
"[15, 28]","[0, 0]","['14834', '23274', '10526', '38548', '67905']",14834,A,A
"[19, 18]","[15, 21]","['74633', '30721', '58616', '36535', '3384']",3384,E,E
"[0, 14]","[15, 13]","['42604', '37963', '80522', '39894', '68970']",68970,E,E
"[15, 28]","[19, 13]","['67905', '38548', '43324', '3258', '23274']",43324,B,B
"[19, 14]","[15, 17]","['1225', '26703', '72517', '26372', '64729']",1225,B,B
"[15, 13]","[0, 2]","['45218', '68970', '24364', '42684', '53137']",45218,C,C
"[19, 14]","[18, 23]","['72517', '64729', '26372', '26703', '25667']",25667,D,D
"[14, 7]","[3, 26]","['77045', '9147', '38835', '51393', '67483']",9147,B,B
"[9, 11]","[18, 23]","['30907', '78534', '41897', '64148', '15606']",64148,D,D
"[0, 24]","[15, 28]","['31926', '67905', '37989', '48780', '74418']",67905,D,D
"[9, 26]","[17, 18]","['6759', '23716', '51240', '50181', '27788']",51240,C,C
"[7, 22]","[4, 27]","['31113', '23132', '79411', '77515', '40679']",77515,D,D
"[14, 8]","[3, 17]","['40877', '28694', '39691', '28732', '54792']",54792,E,E
"[14, 9]","[4, 27]","['26506', '26678', '39708', '6508', '77515']",77515,E,E
"[9, 11]","[18, 25]","['78534', '4186', '30907', '15606', '3282']",3282,C,C
"[19, 10]","[15, 21]","['25168', '21540', '25618', '55791', '20839']",20839,E,E
"[0, 0]","[15, 21]","['8176', '14834', '28082', '78009', '3384']",3384,E,E
"[0, 7]","[7, 20]","['65801', '10984', '66807', '2277', '72266']",2277,D,D
"[14, 7]","[3, 21]","['51393', '25607', '77045', '67483', '14038']",14038,E,E
"[5, 29]","[15, 13]","['42684', '57316', '18711', '51743', '55950']",42684,E,E
"[14, 9]","[18, 23]","['14102', '37360', '6508', '26678', '40550']",37360,D,D
"[14, 7]","[3, 4]","['25607', '67483', '20671', '77045', '51393']",20671,C,C
"[0, 6]","[7, 1]","['41154', '49395', '43375', '16951', '75880']",16951,B,B
"[0, 14]","[15, 21]","['42604', '39894', '80522', '3384', '75707']",3384,D,D
"[5, 4]","[15, 28]","['35725', '51114', '53032', '38548', '2004']",38548,C,C
"[9, 3]","[17, 21]","['14914', '9662', '1268', '64671', '40487']",40487,E,E
"[15, 17]","[0, 14]","['60915', '11908', '37963', '1225', '47834']",37963,C,C
"[0, 0]","[7, 3]","['64781', '78009', '8176', '28082', '14834']",64781,E,E
"[14, 9]","[3, 7]","['14102', '30859', '26506', '40550', '6508']",30859,C,C
"[19, 5]","[18, 25]","['72346', '76431', '63902', '4132', '17017']",4132,D,D
"[0, 2]","[15, 13]","['27625', '28242', '59390', '68970', '44145']",68970,D,D
"[15, 17]","[5, 19]","['60915', '1225', '47834', '77183', '11908']",77183,D,D
"[18, 25]","[14, 7]","['73827', '25711', '4132', '3282', '25607']",25607,C,C
"[15, 17]","[19, 25]","['47834', '60915', '59747', '11908', '1225']",59747,C,C
"[19, 18]","[15, 17]","['58616', '47834', '29042', '55086', '35149']",47834,E,E
"[17, 21]","[9, 11]","['69704', '40487', '78147', '30907', '62454']",30907,D,D
"[0, 6]","[15, 21]","['59474', '49395', '25447', '43375', '13497']",13497,C,C
"[18, 23]","[19, 8]","['40817', '71082', '26052', '15451', '26755']",71082,C,C
"[0, 0]","[7, 1]","['78009', '14834', '12421', '28082', '8176']",12421,C,C
"[9, 4]","[18, 23]","['79413', '50510', '80219', '64614', '72978']",72978,E,E
"[15, 13]","[0, 14]","['20590', '53137', '17291', '34763', '24364']",17291,C,C
"[15, 13]","[19, 8]","['24364', '53137', '34763', '71082', '68970']",71082,D,D
"[5, 4]","[15, 17]","['60915', '53032', '2004', '27706', '35725']",60915,B,B
"[15, 17]","[19, 5]","['11908', '76431', '60915', '47834', '1225']",76431,B,B
"[15, 17]","[0, 24]","['60915', '47834', '11908', '1225', '48780']",48780,E,E
"[0, 0]","[7, 22]","['28082', '14834', '8176', '23132', '78009']",23132,C,C
"[15, 21]","[19, 25]","['13497', '3384', '59747', '7489', '20839']",59747,E,E
"[14, 9]","[3, 7]","['14102', '26678', '40550', '6508', '4286']",4286,E,E
"[0, 6]","[15, 21]","['75880', '13497', '41154', '43375', '43036']",13497,E,E
"[19, 8]","[15, 13]","['71082', '19346', '6777', '36396', '20590']",20590,C,C
"[7, 1]","[0, 7]","['10825', '16951', '15613', '12376', '53652']",15613,A,A
"[3, 26]","[14, 8]","['49864', '11033', '19246', '68096', '40877']",40877,E,E
"[15, 21]","[9, 26]","['3384', '23716', '13497', '20839', '7489']",23716,B,B
"[15, 17]","[5, 22]","['47834', '60915', '77349', '11908', '1225']",77349,C,C
"[15, 28]","[0, 0]","['38548', '23274', '28082', '67905', '3258']",28082,C,C
"[14, 9]","[3, 7]","['40550', '26678', '26506', '37907', '14102']",37907,D,D
"[18, 25]","[14, 8]","['62071', '4132', '25711', '3282', '46039']",46039,D,D
"[19, 14]","[18, 23]","['26372', '72978', '26703', '64729', '72517']",72978,C,C
"[15, 13]","[0, 24]","['24364', '68970', '42684', '25079', '74418']",74418,D,D
"[19, 18]","[15, 17]","['35149', '1225', '55086', '41277', '36535']",1225,C,C
"[0, 2]","[7, 22]","['51831', '32703', '44125', '23132', '28242']",23132,C,C
"[9, 11]","[15, 28]","['78534', '4186', '10526', '30907', '335']",10526,C,C
"[18, 23]","[14, 9]","['40550', '5909', '15451', '78682', '12104']",40550,E,E
"[14, 7]","[3, 3]","['22002', '25607', '38835', '51393', '77045']",22002,A,A
"[15, 28]","[0, 0]","['10526', '3258', '38548', '78009', '67905']",78009,D,D
"[0, 24]","[7, 1]","['37989', '74418', '31926', '48780', '12376']",12376,C,C
"[18, 25]","[19, 8]","['25711', '6777', '62071', '3282', '73827']",6777,B,B
"[18, 23]","[19, 13]","['48306', '5909', '35479', '67584', '61353']",35479,E,E
"[15, 13]","[0, 2]","['45218', '68970', '24364', '53137', '25079']",45218,A,A
"[3, 17]","[14, 8]","['64047', '53579', '54792', '39691', '33084']",39691,D,D
"[15, 13]","[5, 4]","['24364', '20590', '68970', '25079', '53032']",53032,D,D
"[15, 13]","[9, 4]","['50510', '24364', '20590', '25079', '34763']",50510,A,A
"[3, 17]","[14, 9]","['33084', '38478', '12043', '64047', '14102']",14102,C,C
"[9, 11]","[17, 21]","['52758', '30907', '62454', '41897', '15606']",62454,C,C
"[0, 0]","[15, 28]","['8176', '78009', '14834', '28082', '23274']",23274,C,C
"[14, 7]","[3, 21]","['38835', '25607', '14038', '51393', '77045']",14038,C,C
"[0, 0]","[7, 1]","['8176', '78009', '28082', '14834', '12376']",12376,E,E
"[18, 23]","[19, 18]","['78682', '36535', '20502', '65195', '72365']",36535,B,B
"[19, 10]","[15, 28]","['25168', '21540', '55791', '73023', '67905']",67905,E,E
"[15, 17]","[9, 4]","['60915', '47834', '1225', '11908', '80219']",80219,E,E
"[14, 8]","[3, 17]","['28694', '33084', '40877', '46039', '28732']",33084,C,C
"[15, 28]","[0, 2]","['10526', '38548', '23274', '48095', '67905']",48095,C,C
"[17, 18]","[9, 11]","['66316', '41897', '31693', '70105', '46660']",41897,C,C
"[14, 8]","[18, 23]","['28732', '12104', '40877', '46039', '39691']",12104,C,C
"[17, 21]","[9, 11]","['62454', '69704', '62549', '61914', '40487']",61914,C,C
"[18, 23]","[9, 11]","['12104', '72978', '65195', '67584', '335']",335,E,E
"[4, 27]","[7, 1]","['12421', '70239', '77515', '5222', '12888']",12421,C,C
"[15, 21]","[0, 0]","['20839', '8176', '3384', '13497', '7489']",8176,A,A
"[9, 4]","[17, 5]","['79413', '64614', '80219', '50510', '7913']",7913,E,E
"[7, 1]","[0, 24]","['17550', '3536', '53652', '37989', '12376']",37989,C,C
"[17, 5]","[9, 11]","['72055', '50221', '33045', '4186', '7913']",4186,C,C
"[9, 11]","[17, 5]","['78534', '30907', '61914', '7913', '335']",7913,B,B
"[9, 11]","[15, 13]","['20590', '30907', '61914', '41897', '4186']",20590,B,B
"[0, 14]","[7, 1]","['1261', '16951', '42604', '37963', '17291']",16951,C,C
"[15, 13]","[9, 11]","['25079', '61914', '24364', '42684', '53137']",61914,B,B
"[15, 13]","[19, 10]","['42684', '25079', '68970', '34763', '73023']",73023,B,B
"[3, 12]","[14, 8]","['20968', '1181', '27821', '28732', '37955']",28732,C,C
"[15, 28]","[9, 11]","['3258', '15606', '10526', '23274', '67905']",15606,B,B
"[19, 5]","[15, 28]","['63902', '76431', '59952', '67905', '32569']",67905,C,C
"[0, 14]","[15, 28]","['67905', '39894', '80522', '1261', '37963']",67905,A,A
"[19, 14]","[15, 21]","['26703', '72517', '64729', '20839', '26372']",20839,E,E
"[19, 5]","[15, 17]","['72346', '59952', '63902', '60915', '32569']",60915,C,C
"[14, 7]","[3, 16]","['67483', '38835', '51393', '77045', '56017']",56017,E,E
"[3, 26]","[14, 7]","['19246', '68096', '77045', '50906', '9147']",77045,C,C
"[5, 19]","[15, 13]","['53655', '49189', '20590', '51211', '35619']",20590,C,C
"[19, 5]","[15, 13]","['63902', '17017', '76431', '72346', '20590']",20590,E,E
"[14, 8]","[3, 7]","['73164', '28732', '40877', '39691', '46039']",73164,A,A
"[0, 7]","[15, 17]","['1225', '10984', '72266', '66807', '15613']",1225,A,A
"[3, 3]","[14, 8]","['10017', '22002', '994', '22487', '40877']",40877,C,C
"[0, 7]","[7, 1]","['66807', '10984', '16951', '72266', '15613']",16951,C,C
"[0, 2]","[15, 17]","['9639', '43995', '44802', '47834', '45218']",47834,D,D
"[7, 20]","[0, 2]","['2277', '54372', '2425', '43629', '55305']",43629,C,C
"[5, 22]","[15, 17]","['40863', '48795', '60915', '7217', '77349']",60915,C,C
"[3, 12]","[14, 8]","['37955', '1181', '40877', '27821', '20968']",40877,C,C
"[18, 25]","[19, 14]","['3282', '62071', '72517', '4132', '25711']",72517,C,C
"[3, 3]","[14, 8]","['994', '40877', '30004', '10131', '22002']",40877,C,C
"[3, 26]","[14, 8]","['1064', '19246', '40031', '40877', '9147']",40877,D,D
"[0, 14]","[7, 1]","['17291', '53652', '39894', '80522', '75707']",53652,C,C
"[15, 28]","[19, 5]","['10526', '23274', '3258', '38548', '17017']",17017,E,E
"[15, 21]","[9, 26]","['7489', '13497', '27788', '3384', '20839']",27788,E,E
"[3, 5]","[14, 8]","['63514', '74226', '39691', '12162', '64']",39691,C,C
"[0, 6]","[7, 22]","['43375', '59474', '25447', '49395', '40679']",40679,D,D
"[9, 3]","[17, 5]","['64671', '33045', '9662', '74662', '1268']",33045,B,B
"[15, 13]","[0, 14]","['53137', '25079', '34763', '24364', '17291']",17291,E,E
"[14, 9]","[3, 3]","['6508', '26678', '40550', '39708', '10131']",10131,E,E
"[14, 8]","[4, 27]","['40877', '5222', '28694', '46039', '28732']",5222,B,B
"[14, 9]","[3, 16]","['39708', '40550', '6508', '59100', '26506']",59100,C,C
"[15, 17]","[5, 4]","['11908', '62609', '47834', '60915', '1225']",62609,E,E
"[0, 2]","[15, 17]","['70440', '43629', '9836', '47834', '66847']",47834,D,D
"[15, 21]","[19, 10]","['7489', '13497', '25618', '20839', '3384']",25618,C,C
"[15, 13]","[0, 24]","['25079', '74418', '68970', '42684', '53137']",74418,A,A
"[15, 13]","[19, 28]","['24364', '34763', '42272', '68970', '25079']",42272,E,E
"[19, 10]","[18, 25]","['73023', '25168', '21540', '62071', '25618']",62071,C,C
"[17, 18]","[9, 3]","['64671', '51240', '31693', '21408', '46660']",64671,C,C
"[19, 18]","[18, 23]","['55086', '49556', '74633', '42151', '35149']",42151,D,D
"[7, 20]","[0, 0]","['55305', '28082', '2425', '2277', '54372']",28082,C,C
"[15, 28]","[0, 2]","['10526', '44145', '67905', '23274', '3258']",44145,B,B
"[0, 2]","[15, 28]","['51831', '9836', '9639', '63508', '23274']",23274,C,C
"[18, 25]","[9, 3]","['3282', '62071', '25711', '73827', '1268']",1268,E,E
"[7, 1]","[0, 7]","['8109', '72266', '17550', '12376', '12421']",72266,E,E
"[18, 25]","[5, 19]","['62071', '73827', '60473', '25711', '4132']",60473,C,C
"[0, 7]","[15, 28]","['65801', '10984', '66807', '72266', '10526']",10526,E,E
"[14, 7]","[3, 4]","['38835', '77045', '25607', '51393', '20671']",20671,E,E
"[7, 3]","[0, 2]","['9639', '61767', '64781', '75828', '52457']",9639,E,E
"[15, 21]","[5, 29]","['13497', '7489', '20839', '3384', '18711']",18711,C,C
"[15, 28]","[0, 24]","['67905', '38548', '74418', '10526', '23274']",74418,C,C
"[3, 26]","[14, 9]","['26506', '72586', '32729', '49864', '1064']",26506,A,A
"[15, 28]","[0, 24]","['10526', '3258', '23274', '38548', '31926']",31926,E,E
"[0, 14]","[15, 21]","['20839', '37963', '42604', '39894', '75707']",20839,C,C
"[3, 17]","[14, 8]","['33084', '38478', '53579', '46039', '12043']",46039,E,E
"[15, 28]","[5, 29]","['38548', '23274', '52548', '3258', '67905']",52548,C,C
"[3, 28]","[14, 7]","['42226', '12683', '8257', '51393', '73823']",51393,D,D
"[0, 24]","[15, 13]","['68970', '74418', '48780', '31926', '37989']",68970,C,C
"[17, 5]","[9, 11]","['7913', '41897', '50221', '33045', '72055']",41897,C,C
"[4, 27]","[14, 8]","['70239', '5222', '77515', '28694', '12888']",28694,C,C
"[14, 8]","[3, 17]","['28732', '54792', '46039', '40877', '28694']",54792,C,C
"[5, 29]","[15, 21]","['57316', '18711', '55950', '52548', '20839']",20839,E,E
"[5, 4]","[18, 23]","['53032', '70560', '35725', '62609', '6216']",6216,E,E
"[7, 22]","[0, 2]","['28242', '79411', '23132', '31113', '40679']",28242,E,E
"[0, 7]","[7, 1]","['66807', '10825', '65801', '72266', '15613']",10825,B,B
"[9, 11]","[17, 21]","['15606', '52758', '30907', '62549', '335']",62549,E,E
"[9, 4]","[15, 28]","['23274', '64614', '50510', '80219', '79413']",23274,A,A
"[9, 26]","[17, 18]","['23716', '27788', '31693', '6759', '7474']",31693,C,C
"[15, 13]","[0, 7]","['53137', '24364', '34763', '42684', '65801']",65801,E,E
"[18, 23]","[5, 29]","['72978', '26755', '78682', '18711', '12104']",18711,D,D
"[7, 3]","[0, 6]","['64781', '52457', '75828', '59474', '61767']",59474,B,B
"[7, 1]","[0, 7]","['10984', '53652', '8109', '12376', '10825']",10984,B,B
"[14, 9]","[3, 12]","['14102', '40550', '37955', '26506', '6508']",37955,E,E
"[5, 22]","[15, 21]","['57572', '7489', '7217', '40863', '77349']",7489,C,C
"[5, 19]","[15, 28]","['60473', '49189', '3258', '63077', '53655']",3258,C,C
"[3, 3]","[14, 8]","['10017', '22002', '28732', '72700', '10131']",28732,C,C
"[3, 5]","[14, 8]","['74226', '63514', '28694', '12162', '64']",28694,E,E
"[19, 8]","[18, 23]","['36396', '26755', '71082', '6777', '19346']",26755,B,B
"[15, 13]","[9, 3]","['53137', '24364', '42684', '34763', '9662']",9662,E,E
"[5, 29]","[15, 28]","['21765', '52548', '57316', '3258', '18711']",3258,D,D
"[15, 21]","[9, 11]","['13497', '3384', '30907', '7489', '20839']",30907,C,C
"[15, 17]","[5, 19]","['60915', '10743', '11908', '1225', '47834']",10743,B,B
"[19, 13]","[15, 17]","['37914', '35479', '43396', '43324', '60915']",60915,E,E
"[19, 13]","[15, 21]","['42612', '3384', '26354', '43396', '37914']",3384,C,C
"[9, 4]","[17, 18]","['64614', '79413', '80219', '50510', '31693']",31693,E,E
"[18, 25]","[9, 11]","['62071', '4132', '3282', '30907', '25711']",30907,E,E
"[5, 19]","[15, 13]","['54232', '35619', '63077', '51211', '53137']",53137,C,C
"[18, 25]","[19, 13]","['25711', '3282', '43396', '4132', '73827']",43396,C,C
"[18, 25]","[9, 4]","['4132', '64614', '25711', '73827', '62071']",64614,E,E
"[3, 12]","[14, 7]","['20968', '27821', '25607', '1181', '37955']",25607,C,C
"[18, 25]","[19, 18]","['58616', '73827', '4132', '62071', '25711']",58616,C,C
"[14, 9]","[3, 16]","['11746', '6508', '26506', '26678', '14102']",11746,C,C
"[18, 23]","[5, 19]","['14167', '64247', '6216', '40817', '53655']",53655,C,C
"[18, 23]","[5, 4]","['12104', '51114', '72978', '6216', '14167']",51114,D,D
"[0, 14]","[15, 28]","['1261', '75707', '23274', '80522', '42604']",23274,C,C
"[15, 13]","[0, 2]","['53137', '25079', '24364', '42684', '60860']",60860,E,E
"[0, 2]","[7, 1]","['48095', '60860', '16951', '44802', '63508']",16951,C,C
"[19, 13]","[15, 21]","['7489', '42612', '37914', '26354', '43396']",7489,C,C
"[0, 7]","[7, 22]","['15613', '31113', '65801', '10984', '72266']",31113,B,B
"[3, 17]","[14, 7]","['38478', '67483', '33084', '64047', '12043']",67483,C,C
"[9, 3]","[17, 18]","['9662', '1268', '74662', '46660', '14914']",46660,C,C
"[18, 23]","[19, 14]","['25667', '64729', '26755', '65195', '78682']",64729,B,B
"[15, 21]","[0, 0]","['7489', '20839', '14834', '3384', '13497']",14834,C,C
"[0, 14]","[7, 20]","['80522', '75707', '42604', '54372', '37963']",54372,C,C
"[5, 22]","[15, 28]","['7217', '23274', '57572', '77349', '48795']",23274,C,C
"[19, 14]","[15, 13]","['26703', '64729', '72517', '26372', '53137']",53137,E,E
"[15, 13]","[9, 4]","['79413', '68970', '25079', '53137', '20590']",79413,A,A
"[15, 13]","[9, 26]","['34763', '24364', '25079', '20590', '6759']",6759,E,E
"[15, 28]","[0, 14]","['67905', '37963', '10526', '38548', '23274']",37963,B,B
"[5, 29]","[15, 17]","['21765', '1225', '55950', '18711', '57316']",1225,C,C
"[0, 6]","[15, 28]","['25447', '3258', '75880', '49395', '59474']",3258,D,D
"[0, 6]","[7, 1]","['49395', '25447', '16951', '75880', '43036']",16951,C,C
"[7, 1]","[0, 24]","['10825', '17550', '12421', '8109', '31926']",31926,E,E
"[15, 28]","[19, 18]","['3258', '23274', '67905', '38548', '35149']",35149,E,E
"[0, 2]","[7, 1]","['63508', '60860', '67465', '32703', '53652']",53652,E,E
"[3, 17]","[14, 7]","['38478', '25607', '12043', '54792', '33084']",25607,B,B
"[0, 6]","[7, 3]","['75880', '64781', '41154', '49395', '43036']",64781,C,C
"[18, 23]","[19, 18]","['25667', '78682', '36535', '65195', '61353']",36535,E,E
"[19, 28]","[18, 23]","['43363', '72978', '55589', '40111', '23197']",72978,D,D
"[9, 26]","[15, 28]","['7474', '50181', '27788', '3258', '23716']",3258,D,D
"[14, 8]","[3, 16]","['28732', '46039', '11746', '40877', '28694']",11746,C,C
"[15, 21]","[9, 3]","['13497', '20839', '74662', '3384', '7489']",74662,C,C
"[3, 12]","[14, 9]","['27821', '6508', '1181', '20968', '37955']",6508,B,B
"[14, 9]","[4, 27]","['12888', '26506', '26678', '14102', '39708']",12888,E,E
